﻿<?xml version="1.0" encoding="UTF-8" standalone="yes"?>
	<addon id="plugin.audio.roon" name="Roon Control for Kodi" version="1.0.0" provider-name="marcelveldt">
	<requires>
		<import addon="xbmc.python" version="2.13.0"/>
		<import addon="xbmc.addon" version="12.0.0"/>
        <import addon="script.module.metadatautils" version="1.0.0"/>
        <import addon="script.module.requests" version="2.3.0"/>
	</requires>
	<extension point="xbmc.python.pluginsource" library="plugin.py">
        <provides>audio</provides>
    </extension>
	<extension point="xbmc.addon.metadata">
		<summary lang="en">Squeezelite Player for Kodi</summary>
        <description>Turn Kodi into a remote control for your Roon zones. No playback support.</description>
		<language></language>
		<platform>all</platform>
		<license>Apache v2.0</license>
		<forum></forum>
		<website></website>
		<source>https://github.com/marcelveldt/plugin.audio.roon</source>
	</extension>
</addon>