<?xml version="1.0" encoding="utf-8"?>
<!--Titan-->
<window>
    <defaultcontrol>-</defaultcontrol>
	<onload condition="Skin.HasSetting(DisableSubtitles) + VideoPlayer.SubtitlesEnabled">ShowSubtitles</onload>
    <onunload condition="![Player.HasVideo + VideoPlayer.Content(livetv)]">ClearProperty(pvrGuideOnFullscreenVideo,home)</onunload>
    <controls>
		<control type="image">
			<left>0</left>
			<top>300</top>
			<width>100%</width>
			<height>275</height>
			<texture border="5">diffuse/panel.png</texture>
			<colordiffuse>$INFO[Skin.String(GeneralPanelsColor)]</colordiffuse>
		</control>

	<!-- Aspect Ratio / Zoom Info Overlay -->

	<control type="group">
			<left>0</left>
			<top>300</top>
			<width>100%</width>
			<height>275</height>

			<!-- Row 1 label -->
			<control type="label" id="10">
				<left>20%</left>
				<top>20</top>
				<width>60%</width>
				<height>50</height>
				<font>Bold30</font>
				<textcolor>white</textcolor>
				<shadowcolor>black</shadowcolor>
				<label>-</label>
			</control>

			<!-- Row 2 label -->
			<control type="label" id="11">
				<left>20%</left>
				<top>110</top>
				<width>60%</width>
				<height>50</height>
				<font>Bold30</font>
				<textcolor>white</textcolor>
				<label>-</label>
			</control>

			<!-- Row 3 label -->
			<control type="label" id="12">
				<left>20%</left>
				<top>200</top>
				<width>60%</width>
				<height>50</height>
				<font>Bold30</font>
				<textcolor>white</textcolor>
				<label>-</label>
			</control>

		</control>

    </controls>
</window>
