<?xml version="1.0" encoding="UTF-8" standalone="yes"?>
<addon id="script.module.skin.helper.artutils"
       name="Skin Helper Artwork and metadata Module"
       version="1.0.15"
       provider-name="marcelveldt">
    <requires>
        <import addon="xbmc.python" version="2.24.0"/>
        <import addon="script.module.requests" version="2.3.0"/>
        <import addon="script.module.beautifulsoup" version="3.0.8" />
        <import addon="script.module.thetvdb" version="0.0.1" />
        <import addon="script.module.musicbrainz" version="0.0.1" />
        <import addon="script.module.simplecache" version="1.0.0"/>
        <import addon="script.module.arrow" version="0.6.0"/>
    </requires>
    <extension point="xbmc.python.module" library="lib" />
    <extension point="xbmc.addon.metadata">
        <summary>Metadata and artwork from common sources TMDB, IMDB and fanart.tv </summary>
        <description>
            The Skin Helper artwork and metadata module provides rich metadata, including artwork for 
            various metatypes by scraping this information from sites like TMDB, musicbrainz and fanart.tv.
        </description>
        <license>Apache 2.0</license>
        <source>https://github.com/marcelveldt/script.module.skin.helper.artutils</source>
        <platform>all</platform>
    </extension>
</addon>
