<includes>
	<include name="HomeNetflix">
		
		<!--NowPlaying-->
		<include condition="Skin.HasTheme(classic)">NowPlayingMusicClassic</include>
		<include condition="Skin.HasTheme(classic)">NowPlayingVideoClassic</include>
		<include condition="!Skin.HasTheme(classic)">NowPlayingModern</include>
		
        <!-- fake list containing all netflix rows -->
        <control type="list" id="999">
        <width>1</width>
        <height>1</height>
        <itemlayout/>
        <focusedlayout />
        <content><include>skinshortcuts-group-netflixmenu</include></content>
        </control>

		<!-- all widgets -->
		<control type="grouplist" id="9000">
			<posx>0</posx>
			<height>82%</height>
			<width>100%</width>
			<bottom>10</bottom>
            <ondown>9000</ondown>
            <onleft>300</onleft>
            <onup>9000</onup>
			<defaultcontrol always="true">51</defaultcontrol>
			<pagecontrol>317</pagecontrol>
			<!-- ROW1: spotlight -->
			<include condition="!Skin.HasSetting(NetflixHomeDisableFirstRow)">NetFlixHomeSpotLightWidget</include>
            <!-- ROW1 (when spotlight disabled) -->
            <include name="widgetlayout_netflix" content="widgetlayout_netflix" condition="Skin.HasSetting(NetflixHomeDisableFirstRow)">
                <param name="widgetid" value="510" />
                <param name="listitemid" value="0" />
            </include>
            <!-- $INFO[Skin.String(ViewDetailsTextColor)]space -->
			<control type="group" id="514">
				<width>1920</width>
				<height>15</height>
				<visible>!Skin.String(widgetstyle, poster)</visible>
                <visible>!Skin.HasSetting(NetflixHomeDisableFirstRow)</visible>
			</control>
     		<!-- ROW2 -->
            <include name="widgetlayout_netflix" content="widgetlayout_netflix">
                <param name="widgetid" value="520" />
                <param name="listitemid" value="1" />
            </include>
			<!-- ROW3 -->
			<include name="widgetlayout_netflix" content="widgetlayout_netflix">
                <param name="widgetid" value="530" />
                <param name="listitemid" value="2" />
            </include>
			
			<!-- ROW4 -->
			<include name="widgetlayout_netflix" content="widgetlayout_netflix">
                <param name="widgetid" value="540" />
                <param name="listitemid" value="3" />
            </include>
			
			<!-- ROW5 -->
			<include name="widgetlayout_netflix" content="widgetlayout_netflix">
                <param name="widgetid" value="550" />
                <param name="listitemid" value="4" />
            </include>
			
            <!-- ROW6 -->
			<include name="widgetlayout_netflix" content="widgetlayout_netflix">
                <param name="widgetid" value="560" />
                <param name="listitemid" value="5" />
            </include>
			
            <!-- ROW7 -->
			<include name="widgetlayout_netflix" content="widgetlayout_netflix">
                <param name="widgetid" value="570" />
                <param name="listitemid" value="6" />
            </include>
			
            <!-- ROW8 -->
			<include name="widgetlayout_netflix" content="widgetlayout_netflix">
                <param name="widgetid" value="580" />
                <param name="listitemid" value="7" />
            </include>
			
            <!-- ROW9 -->
			<include name="widgetlayout_netflix" content="widgetlayout_netflix">
                <param name="widgetid" value="590" />
                <param name="listitemid" value="8" />
            </include>
			
            <!-- ROW10 -->
			<include name="widgetlayout_netflix" content="widgetlayout_netflix">
                <param name="widgetid" value="600" />
                <param name="listitemid" value="9" />
            </include>
            
            <!-- ROW11 -->
			<include name="widgetlayout_netflix" content="widgetlayout_netflix">
                <param name="widgetid" value="610" />
                <param name="listitemid" value="10" />
            </include>
            
            <!-- ROW12 -->
			<include name="widgetlayout_netflix" content="widgetlayout_netflix">
                <param name="widgetid" value="611" />
                <param name="listitemid" value="11" />
            </include>
            
            <!-- ROW13 -->
			<include name="widgetlayout_netflix" content="widgetlayout_netflix">
                <param name="widgetid" value="612" />
                <param name="listitemid" value="12" />
            </include>
            
            <!-- ROW14 -->
			<include name="widgetlayout_netflix" content="widgetlayout_netflix">
                <param name="widgetid" value="613" />
                <param name="listitemid" value="13" />
            </include>
            
            <!-- ROW15 -->
			<include name="widgetlayout_netflix" content="widgetlayout_netflix">
                <param name="widgetid" value="614" />
                <param name="listitemid" value="14" />
            </include>
            
            <!-- $INFO[Skin.String(ViewDetailsTextColor)]space -->
			<control type="button" id="605">
				<width>1920</width>
				<height>10</height>
                <texturefocus>-</texturefocus>
                <texturenofocus>-</texturenofocus>
                <onfocus condition="Skin.HasSetting(NetflixHomeDisableFirstRow)">SetFocus(520)</onfocus>
                <onfocus condition="!Skin.HasSetting(NetflixHomeDisableFirstRow)">SetFocus(51)</onfocus>
			</control>


		</control>
		
		<control type="scrollbar" id="317"> 
			<right>15</right>
			<top>160</top>
			<bottom>10</bottom>
			<onleft>17000</onleft>
			<showonepage>false</showonepage>
			<visible>[Skin.HasSetting(EnableTouchSupport) | Skin.HasSetting(alwaysShowScrollbars)]</visible>
		</control>
				
		<!--Sub Menu Tab Left-->
        <control type="group">
			<animation type="Conditional" condition="ControlGroup(300).HasFocus()">
					<effect type="fade" start="100" end="0" time="100" />
				</animation>
				<animation type="Conditional" condition="!ControlGroup(300).HasFocus()">
					<effect type="fade" start="0" end="100" time="400" delay="600" />
				</animation>
			<control type="button" id="99001">
				<posx>0</posx>
				<posy>470</posy>
				<width>32</width>
				<height>140</height>
				<align>center</align>
				<aligny>center</aligny>
				<label>[UPPERCASE]$LOCALIZE[33061][/UPPERCASE]</label>
				<textoffsetx>0</textoffsetx>
				<textoffsety>23</textoffsety>
				<angle>90</angle>
				<textwidth>140</textwidth>
				<font>Reg20</font>
				<textcolor>$INFO[Skin.String(GeneralTextColor)]</textcolor>
				<texturefocus colordiffuse="$INFO[Skin.String(ButtonFocusColor)]">colors/color_white.png</texturefocus>
				<texturenofocus colordiffuse="$INFO[Skin.String(GeneralPanelsColor)]">colors/color_white.png</texturenofocus>
				<onclick condition="!StringCompare(Window(Home).Property(ShowViewSubMenu),show)">SetProperty(ShowViewSubMenu, show, Home)</onclick>
				<onclick condition="StringCompare(Window(Home).Property(ShowViewSubMenu),show)">ClearProperty(ShowViewSubMenu, Home)</onclick>
				<animation effect="fade" start="100" end="80" time="0" condition="!Control.HasFocus(99001)">Conditional</animation>
			</control>
		</control>
		
		<!--Side Menu BIG-->
        <control type="group">
            <top>0</top>
            <left>0</left>
            <include condition="Skin.HasSetting(NetFlixHome_LargeMenu)">HomeBigVertical</include>
            <animation type="Conditional" condition="![ControlGroup(300).HasFocus() | StringCompare(Window(Home).Property(ShowViewSubMenu),show) | Control.HasFocus(300)]">
                <effect type="slide" start="0" end="-660" time="300" delay="0" tween="cubic" easing="inout" />
            </animation>
        </control>
        <!-- Side Menu Small -->
        <include condition="!Skin.HasSetting(NetFlixHome_LargeMenu)">SideBladeMainMenu</include>
    </include>
	
    <variable name="Netflix2_PanelColor">
        <value condition="Skin.String(ViewDetailsPanelColor.base)">$INFO[Skin.String(ViewDetailsPanelColor.base)]</value>
        <value>ff000000</value>
    </variable>
    <variable name="Netflix2_PanelDiffuse">
        <value condition="Skin.String(ViewDetailsPanelColor.base)">$INFO[Skin.String(ViewDetailsPanelColor)]</value>
        <value>ee181818</value>
    </variable>
    
    <include name="HomeNetflix2">
		
        <!-- fake list containing all netflix rows -->
        <control type="list" id="999">
        <width>1</width>
        <height>1</height>
        <itemlayout/>
        <focusedlayout />
        <content>
            <include condition="Window.IsActive(Home)">skinshortcuts-group-netflixmenu</include>
            <include condition="Window.IsActive(3017)">netflix_items_tvshows</include>
            <include condition="Window.IsActive(3018)">netflix_items_movies</include>
            <include condition="Window.IsActive(3019)">netflix_items_flix2kodi</include>
        </content>
        </control>
        
        <control type="image">
            <width>100%</width>
            <height>100%</height>
            <texture colordiffuse="$VAR[Netflix2_PanelColor]">colors/color_white.png</texture>
        </control>
        
        <!-- netflix content -->
        <control type="group">
            <animation time="300" effect="fade" start="100" end="20" reversible="true" easing="inout" condition="[ControlGroup(9001).HasFocus() + window.isactive(home)] | ControlGroup(300).HasFocus() | StringCompare(Window(Home).Property(ShowViewSubMenu),show) | Control.HasFocus(300)">Conditional</animation>
            <!-- background image + overlay -->
            <control type="image">
                <fadetime>350</fadetime>
                <texture background="true">$VAR[backgroundVar]</texture>
                <aspectratio aligny="top">scale</aspectratio>
                <animation effect="zoom" start="110" end="130" center="auto" time="12000" tween="cubic" easing="inout" pulse="true" condition="Skin.HasSetting(BackgroundAnimation)">Conditional</animation>
                <animation effect="slide" start="-10,-10" end="10,10" time="8000" tween="cubic" easing="inout" pulse="true" condition="Skin.HasSetting(BackgroundAnimation)">Conditional</animation>
                <visible>!Skin.HasSetting(NetflixHomeShowLargeThumb)</visible>
            </control>
            <control type="image">
                <width>100%</width>
                <height>100%</height>
                <texture colordiffuse="$VAR[Netflix2_PanelColor]">colors/color_white.png</texture>
                <animation effect="fade" start="100" end="90" delay="0" time="0"  condition="true">Conditional</animation>
                <visible>Skin.HasSetting(NetflixHomeShowLargeThumb)</visible>
            </control>
            
            <!-- overlay without big thumb -->
            <control type="image">
                <width>100%</width>
                <height>100%</height>
                <texture colordiffuse="$VAR[Netflix2_PanelColor]">colors/color_white.png</texture>
                <animation effect="fade" start="100" end="70" delay="0" time="0"  condition="true">Conditional</animation>
                <visible>!Skin.HasSetting(NetflixHomeShowLargeThumb)</visible>
            </control>
            <control type="image">
                <width>100%</width>
                <height>100%</height>
                <texture colordiffuse="$VAR[Netflix2_PanelColor]">special://home/addons/resource.images.backgroundoverlays.titan/resources/Side by Side.png</texture>
                <animation effect="fade" start="100" end="95" delay="0" time="0"  condition="true">Conditional</animation>
                <visible>!Skin.HasSetting(NetflixHomeShowLargeThumb)</visible>
            </control>
                
            <!-- spotlight section -->
            <control type="group" id="3505">
                <width>1920</width>
                <height>450</height>
                <visible>![Skin.HasSetting(NetflixHomeDisableFirstRow) + Skin.String(HomeLayout,netflix2) + Window.IsActive(Home)]</visible>
                
                <!-- spotlight image -->
                <control type="image">
                    <fadetime>350</fadetime>
                    <width>1152</width>
                    <right>0</right>
                    <height>550</height>
                    <top>0</top>
                    <texture background="true" diffuse="special://home/addons/resource.images.backgroundoverlays.titan/resources/Right Corner.png">$VAR[backgroundVar]</texture>
                    <aspectratio scalediffuse="true" aligny="top">scale</aspectratio>
                    <visible>Skin.HasSetting(NetflixHomeShowLargeThumb)</visible>
                </control>
                
                <!-- clearlogo -->
                <control type="image" id="29475">
                    <height>120</height>
                    <width>300</width>
                    <left>50</left>
                    <top>20</top>
                    <aspectratio align="left" aligny="top">keep</aspectratio>
                    <texture background="true" fallback="colors/color_transparent.png">$VAR[HomeMenuWidgetInfoclearlogo]</texture>
                </control>
                <!-- title fallback -->
                <control type="textbox">
                    <height>120</height>
                    <width>800</width>
                    <left>50</left>
                    <top>20</top>
                    <font>Reg46</font>
                    <align>left</align>
                    <aligny>top</aligny>
                    <label>$VAR[HomeMenuWidgetInfoLabel]</label>
                    <textcolor>$INFO[Skin.String(ViewDetailsTextColor)]</textcolor>
                    <visible>SubString(Control.GetLabel(29475),color_transparent) + Skin.HasSetting(NetflixHomeShowLargeThumb)</visible>
                </control>
                <control type="textbox">
                    <height>120</height>
                    <width>1800</width>
                    <left>50</left>
                    <top>20</top>
                    <font>Reg46</font>
                    <align>left</align>
                    <aligny>top</aligny>
                    <label>$VAR[HomeMenuWidgetInfoLabel]</label>
                    <textcolor>$INFO[Skin.String(ViewDetailsTextColor)]</textcolor>
                    <visible>SubString(Control.GetLabel(29475),color_transparent) + !Skin.HasSetting(NetflixHomeShowLargeThumb)</visible>
                </control>
                    
                <!-- spotlight details -->
                <control type="grouplist">
                    <width>1500</width>
                    <posx>55</posx>
                    <posy>130</posy>
                    <height>400</height>
                    <orientation>vertical</orientation>
                    
                    <!-- subtitle: tagline or episode name -->
                    <control type="label">
                        <height>70</height>
                        <width>800</width>
                        <font>Reg36</font>
                        <align>left</align>
                        <aligny>center</aligny>
                        <textcolor>$INFO[Skin.String(ViewDetailsTextColor)]</textcolor>
                        <label>$VAR[netflix2_SubTitle]</label>
                        <visible>Skin.HasSetting(NetflixHomeShowLargeThumb)</visible>
                    </control>
                    <control type="label">
                        <height>70</height>
                        <width>1000</width>
                        <font>Reg36</font>
                        <align>left</align>
                        <aligny>center</aligny>
                        <textcolor>$INFO[Skin.String(ViewDetailsTextColor)]</textcolor>
                        <label>$VAR[netflix2_SubTitle]</label>
                        <visible>!Skin.HasSetting(NetflixHomeShowLargeThumb)</visible>
                    </control>
                    
                    <!-- plot -->
                    <control type="textbox">
                        <height>230</height>
                        <width>800</width>
                        <label>$VAR[HomeMenuWidgetInfoPlotAlt]</label>
                        <textcolor>$INFO[Skin.String(ViewDetailsTextColor)]</textcolor>
                        <align>justify</align>
                        <font>Reg28</font>
                        <visible>Skin.HasSetting(NetflixHomeShowLargeThumb)</visible>
                    </control>
                    <control type="textbox">
                        <height>230</height>
                        <width>1000</width>
                        <label>$VAR[HomeMenuWidgetInfoPlotAlt]</label>
                        <textcolor>$INFO[Skin.String(ViewDetailsTextColor)]</textcolor>
                        <align>justify</align>
                        <font>Reg28</font>
                        <visible>!Skin.HasSetting(NetflixHomeShowLargeThumb)</visible>
                    </control>
                    
                </control>
                
                <!-- media flags -->
                <control type="group">
                    <posx>60</posx>
                    <height>50</height>
                    <top>490</top>
                    <include>mediaflags</include>
                </control>
                <!-- rating -->
                <control type="group">
                    <right>0</right>
                    <height>50</height>
                    <top>490</top>
                    <include condition="!Skin.HasSetting(NetflixHomeDisableRating)">AltRatingFooter</include>
                </control>
                
            </control>
            
            <!-- menu button -->
            <control type="radiobutton" id="51">
                <width>60</width>
                <height>60</height>
                <right>20</right>
                <top>20</top>
                <font>-</font>
                <selected>Control.HasFocus(51)</selected>
                <texturefocus>-</texturefocus>
                <texturenofocus>-</texturenofocus>
                <textureradiofocus colordiffuse="$INFO[Skin.String(HomeViewDetailsFocusColor)]">common/menu.png</textureradiofocus>
                <textureradionofocus colordiffuse="$INFO[Skin.String(ViewDetailsTextColor)]">common/menu.png</textureradionofocus>
                <radiowidth>60</radiowidth>
                <radioheight>60</radioheight>
                <onclick condition="!StringCompare(Window(Home).Property(ShowViewSubMenu),show)">SetProperty(ShowViewSubMenu, show, Home)</onclick>
                <onclick condition="StringCompare(Window(Home).Property(ShowViewSubMenu),show)">ClearProperty(ShowViewSubMenu, Home)</onclick>
                <onclick condition="!StringCompare(Window(Home).Property(ShowViewSubMenu),show)">SetFocus(300)</onclick>
                <visible>Skin.HasSetting(EnableTouchSupport) + Window.IsActive(Home)</visible>
                <ondown>510</ondown>
            </control>
            
            <!-- menu button -->
            <control type="radiobutton" id="52">
                <width>60</width>
                <height>60</height>
                <right>20</right>
                <top>20</top>
                <font>-</font>
                <selected>Control.HasFocus(52)</selected>
                <texturefocus>-</texturefocus>
                <texturenofocus>-</texturenofocus>
                <textureradiofocus colordiffuse="$INFO[Skin.String(HomeViewDetailsFocusColor)]">touchcontrols/back.png</textureradiofocus>
                <textureradionofocus colordiffuse="$INFO[Skin.String(ViewDetailsTextColor)]">touchcontrols/back.png</textureradionofocus>
                <radiowidth>60</radiowidth>
                <radioheight>60</radioheight>
                <onclick>Close</onclick>
                <visible>Skin.HasSetting(EnableTouchSupport) + !Window.IsActive(Home)</visible>
                <ondown>510</ondown>
            </control>
            
            <!-- all widgets -->
            <control type="grouplist" id="9000">
                <posx>50</posx>
                <include condition="[Skin.HasSetting(NetflixHomeDisableFirstRow) + Skin.String(HomeLayout,netflix2)]">NetFlixHome2_AltHeight</include>
                <bottom>0</bottom>
                <height>530</height>
                <width>1870</width>
                <ondown>9000</ondown>
                <onleft>300</onleft>
                <onup>614</onup>
                <pagecontrol>317</pagecontrol>
                
                <!-- ROW1 -->
                <include name="widgetlayout_netflix2" content="widgetlayout_netflix2">
                    <param name="widgetid" value="510" />
                    <param name="listitemid" value="0" />
                </include>
                <!-- ROW2 -->
                <include name="widgetlayout_netflix2" content="widgetlayout_netflix2">
                    <param name="widgetid" value="520" />
                    <param name="listitemid" value="1" />
                </include>
                <!-- ROW3 -->
                <include name="widgetlayout_netflix2" content="widgetlayout_netflix2">
                    <param name="widgetid" value="530" />
                    <param name="listitemid" value="2" />
                </include>
                
                <!-- ROW4 -->
                <include name="widgetlayout_netflix2" content="widgetlayout_netflix2">
                    <param name="widgetid" value="540" />
                    <param name="listitemid" value="3" />
                </include>
                
                <!-- ROW5 -->
                <include name="widgetlayout_netflix2" content="widgetlayout_netflix2">
                    <param name="widgetid" value="550" />
                    <param name="listitemid" value="4" />
                </include>
                
                <!-- ROW6 -->
                <include name="widgetlayout_netflix2" content="widgetlayout_netflix2">
                    <param name="widgetid" value="560" />
                    <param name="listitemid" value="5" />
                </include>
                
                <!-- ROW7 -->
                <include name="widgetlayout_netflix2" content="widgetlayout_netflix2">
                    <param name="widgetid" value="570" />
                    <param name="listitemid" value="6" />
                </include>
                
                <!-- ROW8 -->
                <include name="widgetlayout_netflix2" content="widgetlayout_netflix2">
                    <param name="widgetid" value="580" />
                    <param name="listitemid" value="7" />
                </include>
                
                <!-- ROW9 -->
                <include name="widgetlayout_netflix2" content="widgetlayout_netflix2">
                    <param name="widgetid" value="590" />
                    <param name="listitemid" value="8" />
                </include>
                
                <!-- ROW10 -->
                <include name="widgetlayout_netflix2" content="widgetlayout_netflix2">
                    <param name="widgetid" value="600" />
                    <param name="listitemid" value="9" />
                </include>
                
                <!-- ROW11 -->
                <include name="widgetlayout_netflix2" content="widgetlayout_netflix2">
                    <param name="widgetid" value="610" />
                    <param name="listitemid" value="10" />
                </include>
                
                <!-- ROW12 -->
                <include name="widgetlayout_netflix2" content="widgetlayout_netflix2">
                    <param name="widgetid" value="611" />
                    <param name="listitemid" value="11" />
                </include>
                
                <!-- ROW13 -->
                <include name="widgetlayout_netflix2" content="widgetlayout_netflix2">
                    <param name="widgetid" value="612" />
                    <param name="listitemid" value="12" />
                </include>
                
                <!-- ROW14 -->
                <include name="widgetlayout_netflix2" content="widgetlayout_netflix2">
                    <param name="widgetid" value="613" />
                    <param name="listitemid" value="13" />
                </include>
                
                <!-- ROW15 -->
                <include name="widgetlayout_netflix2" content="widgetlayout_netflix2">
                    <param name="widgetid" value="614" />
                    <param name="listitemid" value="14" />
                </include>
                
                
                <!-- space -->
                <control type="button" id="605">
                    <width>1920</width>
                    <height>10</height>
                    <texturefocus>-</texturefocus>
                    <texturenofocus>-</texturenofocus>
                    <onfocus condition="IntegerGreaterThan(Container(510).Numitems,0)">SetFocus(510)</onfocus>
                    <onleft>300</onleft>
                </control>


            </control>
            
            <control type="scrollbar" id="317"> 
                <left>0</left>
                <top>450</top>
                <bottom>0</bottom>
                <onleft>300</onleft>
                <onright>9000</onright>
                <showonepage>false</showonepage>
                <visible>[Skin.HasSetting(EnableTouchSupport) | Skin.HasSetting(alwaysShowScrollbars)]</visible>
            </control>
            
        </control>    
		
        <!--Side Menu BIG-->
        <control type="group">
            <top>0</top>
            <left>0</left>
            <include condition="Skin.HasSetting(NetFlixHome_LargeMenu)">HomeBigVertical</include>
            <animation type="Conditional" condition="![ControlGroup(300).HasFocus() | StringCompare(Window(Home).Property(ShowViewSubMenu),show) | Control.HasFocus(300)]">
                <effect type="slide" start="0" end="-660" time="300" delay="0" tween="cubic" easing="inout" />
            </animation>
        </control>
        <!-- Side Menu Small -->
        <include condition="!Skin.HasSetting(NetFlixHome_LargeMenu)">SideBladeMainMenu</include>
        
        <!-- busy spinner  -->
        <control type="multiimage">
            <animation effect="fade" start="0" end="100" time="0">Visible</animation>
            <animation effect="fade" start="100" end="0" time="500" delay="500">Hidden</animation>
            <right>50</right>
            <top>50</top>
            <width>100</width>
            <height>100</height>
            <aspectratio>keep</aspectratio>
            <imagepath>$INFO[Skin.String(SkinHelper.SpinnerTexture.Path)]</imagepath>
            <timeperimage>100</timeperimage>
            <colordiffuse>$INFO[Skin.String(SpinnerTexture.Color)]</colordiffuse>
            <fadetime>0</fadetime>
            <visible>!Skin.String(SkinHelper.SpinnerTexture.Path,None)</visible>
            <visible>Control.IsVisible(510) + Container(510).IsUpdating</visible>
        </control>
        
    </include>
    
    <include name="widgetlayout_netflix">
        <control type="group" id="10$PARAM[widgetid]">
            <width>1920</width>
            <height>70</height>
            <visible>!IsEmpty(Container(999).ListItemNoWrap($PARAM[listitemid]).Label)</visible>
            <visible>IntegerGreaterThan(Container($PARAM[widgetid]).NumItems,0)</visible>
            <control type="image">
                <posx>50</posx>
                <posy>0</posy>
                <width>1820</width>
                <height>55</height>
                <texture border="5">diffuse/panel.png</texture>
                <colordiffuse>$VAR[ViewDetailsPanelColor]</colordiffuse>
                <visible>!Skin.HasSetting(HideWidgetPanelBackground)</visible>
            </control>
            <control type="label">
                <height>55</height>
                <posx>55</posx>
                <font>Bold34</font>
                <align>left</align>
                <aligny>center</aligny>
                <textcolor>$INFO[Skin.String(ViewDetailsTextColor)]</textcolor>
                <label>$INFO[Container(999).ListItemNoWrap($PARAM[listitemid]).Label]</label>
                <visible>IsEmpty(Container($PARAM[widgetid]).ListItem.Property(similartitle))</visible>
            </control>
            <control type="label">
                <height>55</height>
                <posx>55</posx>
                <font>Bold34</font>
                <align>left</align>
                <aligny>center</aligny>
                <textcolor>$INFO[Skin.String(ViewDetailsTextColor)]</textcolor>
                <label>$LOCALIZE[31545] $INFO[Container($PARAM[widgetid]).ListItem.Property(similartitle)]</label>
                <visible>!IsEmpty(Container($PARAM[widgetid]).ListItem.Property(similartitle))</visible>
            </control>
        </control>	
        <include name="widgetlayout_netflix_normal">
            <param name="widgetid" value="$PARAM[widgetid]" />
            <param name="listitemid" value="$PARAM[listitemid]" />
            <param name="widgetTags" value="$PARAM[widgetLabelVisibility]" />
        </include>
    </include>
    <include name="widgetlayout_netflix2">
        <control type="group" id="10$PARAM[widgetid]">
            <width>1920</width>
            <height>40</height>
            <visible>!IsEmpty(Container(999).ListItemNoWrap($PARAM[listitemid]).Label)</visible>
            <visible>IntegerGreaterThan(Container($PARAM[widgetid]).NumItems,0)</visible>
            <control type="label">
                <height>40</height>
                <posx>5</posx>
                <font>Reg32</font>
                <align>left</align>
                <aligny>top</aligny>
                <textcolor>$INFO[Skin.String(ViewDetailsTextColor)]</textcolor>
                <shadowcolor>$INFO[Skin.String(ViewDetailsTextShadowColor)]</shadowcolor>
                <label>$INFO[Container(999).ListItemNoWrap($PARAM[listitemid]).Label]</label>
                <visible>IsEmpty(Container($PARAM[widgetid]).ListItem.Property(similartitle))</visible>
            </control>
            <control type="label">
                <height>40</height>
                <posx>5</posx>
                <font>Reg32</font>
                <align>left</align>
                <aligny>top</aligny>
                <textcolor>$INFO[Skin.String(ViewDetailsTextColor)]</textcolor>
                <shadowcolor>$INFO[Skin.String(ViewDetailsTextShadowColor)]</shadowcolor>
                <label>$LOCALIZE[31545] $INFO[Container($PARAM[widgetid]).ListItem.Property(similartitle)]</label>
                <visible>!IsEmpty(Container($PARAM[widgetid]).ListItem.Property(similartitle))</visible>
            </control>
        </control>	
        <include name="widgetlayout_netflix_normal" content="widgetlayout_netflix_normal" condition="![Skin.HasSetting(NetflixHomeDisableFirstRow) + [Skin.String(widgetstyle, poster) | Skin.String(widgetstyle, landscape)]] + Window.IsActive(Home) + !Skin.String(widgetstyle, landscapelarge)">
            <param name="widgetid" value="$PARAM[widgetid]" />
            <param name="listitemid" value="$PARAM[listitemid]" />
            <param name="widgetTags" value="$PARAM[widgetLabelVisibility]" />
        </include>
        <include name="widgetlayout_netflix_details" content="widgetlayout_netflix_details" condition="Skin.HasSetting(NetflixHomeDisableFirstRow) + [Skin.String(widgetstyle, poster) | Skin.String(widgetstyle, landscape)] + Window.IsActive(Home)">
            <param name="widgetid" value="$PARAM[widgetid]" />
            <param name="listitemid" value="$PARAM[listitemid]" />
            <param name="widgetTags" value="$PARAM[widgetLabelVisibility]" />
        </include>
        <include name="widget_layout_landscape_netflix" content="widget_layout_landscape_netflix" condition="!Window.IsActive(Home) | Skin.String(widgetstyle, landscapelarge)">
            <param name="widgetid" value="$PARAM[widgetid]" />
            <param name="listitemid" value="$PARAM[listitemid]" />
            <param name="widgetTags" value="$PARAM[widgetLabelVisibility]" />
        </include>
    </include>
    
    <include name="NetFlixHome2_AltHeight">
        <top>0</top>
        <height>100%</height>
    </include>
    
    <include name="NetFlixHomeSpotLightWidget">
        <control type="group" id="505">
            <width>1920</width>
            <height>580</height>
            <!-- background panel -->
            <control type="image">
                <posx>50</posx>
                <top>0</top>
                <bottom>0</bottom>
                <width>1820</width>
                <height>575</height>
                <texture border="15">diffuse/bgpanel.png</texture>
                <colordiffuse>$VAR[ViewDetailsPanelColor]</colordiffuse>
                <aspectratio>stretch</aspectratio>
                <visible>!Skin.HasSetting(HideWidgetPanelBackground)</visible>
            </control>

            <control type="grouplist">
                <width>800</width>
                <posx>60</posx>
                <posy>10</posy>
                <height>450</height>
                <orientation>vertical</orientation>
                <control type="label">
                    <height>100</height>
                    <font>Reg36</font>
                    <align>left</align>
                    <aligny>top</aligny>
                    <textcolor>$INFO[Skin.String(ViewDetailsTextColor)]</textcolor>
                    <shadowcolor>$INFO[Skin.String(ViewDetailsTextShadowColor)]</shadowcolor>
                    <label>$VAR[HomeMenuWidgetInfoLabel]</label>
                </control>
                <control type="textbox">
                    <height max="260">auto</height>
                    <label>$VAR[HomeMenuWidgetInfoPlotAlt]</label>
                    <textcolor>$INFO[Skin.String(ViewDetailsTextColor)]</textcolor>
                    <shadowcolor>$INFO[Skin.String(ViewDetailsTextShadowColor)]</shadowcolor>
                    <align>justify</align>
                    <font>Light28</font>
                </control>
                <control type="label">
                    <height>25</height>
                    <label></label>
                </control>
                <control type="group">
                    <height>60</height>
                    <include>mediaflags</include>
                </control>
            </control>
            <control type="grouplist">
                <width>800</width>
                <posx>60</posx>
                <posy>490</posy>
                <height>60</height>
                <orientation>horizontal</orientation>
                <onleft>300</onleft>
                <visible allowhiddenfocus="true">ControlGroup(505).HasFocus()</visible>
                <control type="button" id="51">
                    <description>Play</description>
                    <width>320</width>
                    <posx>60</posx>
                    <posy>490</posy>
                    <label>208</label>
                    <onright>52</onright>
                    <onleft>300</onleft>
                    <ondown>520</ondown>
                    <onup>600</onup>
                    <onfocus>Setproperty(SkinHelper.WidgetContainer,510)</onfocus>
                    <onclick>PlayMedia($ESCINFO[Container(510).ListItem.FileNameAndPath])</onclick>
                </control>
                <control type="button" id="52">
                    <description>Info</description>
                    <width>320</width>
                    <posx>400</posx>
                    <posy>490</posy>
                    <label>19033</label>
                    <onleft>51</onleft>
                    <onright>53</onright>
                    <ondown>520</ondown>
                    <onup>600</onup>
                    <onfocus>Setproperty(SkinHelper.WidgetContainer,510)</onfocus>
                    <onclick condition="!System.HasAddon(script.extendedinfo)">ActivateWindow(Videos,plugin://script.extendedinfo)</onclick>
                    <onclick condition="IsEmpty(Container(510).ListItem.TvShowTitle)">RunScript(script.extendedinfo,info=extendedinfo,dbid=$INFO[Container(510).ListItem.DBID],name=$INFO[Container(510).ListItem.Title])</onclick>
                    <onclick condition="!IsEmpty(Container(510).ListItem.TvShowTitle)">RunScript(script.extendedinfo,info=extendedtvinfo,name=$INFO[Container(510).ListItem.TvShowTitle])</onclick>
                </control>
                <control type="radiobutton" id="53">
                    <label></label>
                    <posy>490</posy>
                    <posx>735</posx>
                    <width>60</width>
                    <height>60</height>
                    <textureradiofocus colordiffuse="$INFO[Skin.String(ButtonFocusTextColor)]">dialogs/keyboard/left.png</textureradiofocus>
                    <textureradionofocus colordiffuse="$INFO[Skin.String(ButtonTextColor)]">dialogs/keyboard/left.png</textureradionofocus>
                    <radiowidth>40</radiowidth>
                    <radioheight>40</radioheight>
                    <radioposx>0</radioposx>
                    <onright>54</onright>
                    <onleft>52</onleft>
                    <ondown>520</ondown>
                    <onclick>Control.Move(510,-1)</onclick>
                    <selected>Control.HasFocus(53)</selected>
                </control>
                <control type="radiobutton" id="54">
                    <label></label>
                    <posy>490</posy>
                    <posx>800</posx>
                    <width>60</width>
                    <height>60</height>
                    <onleft>53</onleft>
                    <ondown>520</ondown>
                    <textureradiofocus colordiffuse="$INFO[Skin.String(ButtonFocusTextColor)]">dialogs/keyboard/right.png</textureradiofocus>
                    <textureradionofocus colordiffuse="$INFO[Skin.String(ButtonTextColor)]">dialogs/keyboard/right.png</textureradionofocus>
                    <radiowidth>40</radiowidth>
                    <radioheight>40</radioheight>
                    <radioposx>0</radioposx>
                    <onclick>Control.Move(510,1)</onclick>
                    <selected>Control.HasFocus(54)</selected>
                </control>
            </control>
            
            <!-- spotlight widget -->
            <control type="panel" id="510">
                <right>60</right>
                <top>10</top>
                <width>960</width>
                <height>555</height>
                <orientation>horizontal</orientation>
                <focusposition>2</focusposition>
                <onup>51</onup>
                <ondown>51</ondown>
                <onfocus>51</onfocus>
                <onfocus>Setproperty(SkinHelper.WidgetContainer,$PARAM[widgetid])</onfocus>
                <scrolltime tween="cubic" easing="inout">500</scrolltime>
                <visible>ControlGroup(505).HasFocus() | Control.HasFocus(300)</visible>
                <itemlayout width="960" height="555">
                    <!-- spotlight image -->
                    <control type="image">
                        <bordersize>5</bordersize>
                        <texture background="true" diffuse="diffuse/wide.png">$VAR[fanartBackground]</texture>
                        <aspectratio scalediffuse="false">scale</aspectratio>
                    </control>
                    <!-- clearlogo -->
                    <control type="image">
                        <right>20</right>
                        <bottom>25</bottom>
                        <width>70%</width>
                        <height>350</height>
                        <aspectratio align="right" aligny="bottom">keep</aspectratio>
                        <texture background="true">$VAR[HomeMenuWidgetInfoclearlogo]</texture>
                        <visible>IsEmpty(Listitem.Art(landscape))</visible>
                    </control>
                </itemlayout>
                <focusedlayout width="960" height="555">
                    <!-- spotlight image -->
                    <control type="image">
                        <bordersize>5</bordersize>
                        <texture background="true" diffuse="diffuse/wide.png">$VAR[fanartBackground]</texture>
                        <aspectratio scalediffuse="false">scale</aspectratio>
                    </control>
                    <!-- clearlogo -->
                    <control type="image">
                        <right>20</right>
                        <bottom>25</bottom>
                        <width>70%</width>
                        <height>350</height>
                        <aspectratio align="right" aligny="bottom">keep</aspectratio>
                        <texture background="true">$VAR[HomeMenuWidgetInfoclearlogo]</texture>
                    </control>
                </focusedlayout>
                <content target="videos">$INFO[Container(999).ListItemNoWrap(0).Property(list)]</content>
            </control>
            
            <!-- spotlight image  -->
            <control type="group">
                <right>60</right>
                <top>10</top>
                <width>960</width>
                <height>555</height>
                <control type="image">
                    <bordersize>5</bordersize>
                    <texture background="true" diffuse="diffuse/wide.png">$VAR[fanartBackground]</texture>
                    <aspectratio scalediffuse="false">scale</aspectratio>
                    <fadetime>350</fadetime>
                </control>
                <control type="image">
                    <right>20</right>
                    <bottom>25</bottom>
                    <width>70%</width>
                    <height>350</height>
                    <aspectratio align="right" aligny="bottom">keep</aspectratio>
                    <texture background="true">$VAR[HomeMenuWidgetInfoclearlogo]</texture>
                </control>
            </control>
        </control>
			
    </include>
	
    <include name="widgetlayout_netflix_normal">
        <control type="panel" id="$PARAM[widgetid]">
            <focusposition>0</focusposition>
            <width>100%</width>
            <onleft condition="!Skin.HasSetting(EnhancedHome_Circular)">300</onleft>
            <onleft condition="Skin.HasSetting(EnhancedHome_Circular)">$PARAM[widgetid]</onleft>
            <include name="widget_layout_poster" content="widget_layout_poster" condition="Skin.String(widgetstyle, poster)">
                <param name="widgetid" value="$PARAM[widgetid]" />
                <param name="widgetTags" value="$PARAM[widgetLabelVisibility]" />
            </include>
            <include name="widget_layout_landscape" content="widget_layout_landscape" condition="Skin.String(widgetstyle, landscape)">
                <param name="widgetid" value="$PARAM[widgetid]" />
                <param name="widgetTags" value="$PARAM[widgetLabelVisibility]" />
            </include>
            <include name="widget_layout_landscapesmall" content="widget_layout_landscapesmall" condition="Skin.String(widgetstyle, landscapesmall)">
                <param name="widgetid" value="$PARAM[widgetid]" />
                <param name="widgetTags" value="$PARAM[widgetLabelVisibility]" />
            </include>
            <include name="widget_layout_singlebox" content="widget_layout_singlebox" condition="Skin.String(widgetstyle, single box)">
                <param name="widgetid" value="$PARAM[widgetid]" />
                <param name="widgetTags" value="$PARAM[widgetLabelVisibility]" />
            </include>
            <include name="widget_layout_widebox" content="widget_layout_widebox" condition="Skin.String(widgetstyle, wide box)">
                <param name="widgetid" value="$PARAM[widgetid]" />
                <param name="widgetTags" value="$PARAM[widgetLabelVisibility]" />
            </include>
            <include name="widget_layout_small_poster" content="widget_layout_small_poster" condition="Skin.String(widgetstyle, small poster)">
                <param name="widgetid" value="$PARAM[widgetid]" />
                <param name="widgetTags" value="$PARAM[widgetLabelVisibility]" />
            </include>
            <include name="widget_layout_square" content="widget_layout_square" condition="Skin.String(widgetstyle, square)">
                <param name="widgetid" value="$PARAM[widgetid]" />
                <param name="widgetTags" value="$PARAM[widgetLabelVisibility]" />
            </include>
            <include name="widget_layout_minisquare" content="widget_layout_minisquare" condition="Skin.String(widgetstyle, minisquare)">
                <param name="widgetid" value="$PARAM[widgetid]" />
                <param name="widgetTags" value="$PARAM[widgetLabelVisibility]" />
            </include>
            <include name="widget_layout_banner" content="widget_layout_banner" condition="Skin.String(widgetstyle, banner)">
                <param name="widgetid" value="$PARAM[widgetid]" />
                <param name="widgetTags" value="$PARAM[widgetLabelVisibility]" />
            </include>
            <content target="videos">$INFO[Container(999).ListItemNoWrap($PARAM[listitemid]).Property(list)]</content>
        </control>
    </include>
    <include name="widgetlayout_netflix_details">
        <control type="fixedlist" id="$PARAM[widgetid]">
            <focusposition>0</focusposition>
            <width>100%</width>
            <onleft condition="!Skin.HasSetting(EnhancedHome_Circular)">300</onleft>
            <onleft condition="Skin.HasSetting(EnhancedHome_Circular)">$PARAM[widgetid]</onleft>
            <include name="widget_layout_poster_netflix_details" content="widget_layout_poster_netflix_details" condition="Skin.String(widgetstyle, poster)">
                <param name="widgetid" value="$PARAM[widgetid]" />
                <param name="widgetTags" value="$PARAM[widgetLabelVisibility]" />
            </include>
            <include name="widget_layout_landscape_netflix_details" content="widget_layout_landscape_netflix_details" condition="Skin.String(widgetstyle, landscape)">
                <param name="widgetid" value="$PARAM[widgetid]" />
                <param name="widgetTags" value="$PARAM[widgetLabelVisibility]" />
            </include>
            <content target="videos">$INFO[Container(999).ListItemNoWrap($PARAM[listitemid]).Property(list)]</content>
        </control>
    </include>
    
    <include name="widget_layout_landscape_netflix">
        <control type="panel" id="$PARAM[widgetid]">
            <width>1920</width>
            <height>260</height>
            <orientation>horizontal</orientation>
            <include>widget_layout_general</include>
            <onleft condition="!Skin.HasSetting(EnhancedHome_Circular)">300</onleft>
            <onleft condition="Skin.HasSetting(EnhancedHome_Circular)">$PARAM[widgetid]</onleft>
            <itemlayout width="430" height="260">
                <control type="group">
                    <width>430</width>
                    <height>260</height>
                    <include>ThumbsViewLayout</include>
                    <control type="group">
                        <description>widget label overlay</description>
                        <include condition="!Skin.String(Widgets_DisplayTags,disable)">ThumbsTagOverlay</include>
                        <include condition="Skin.String(Widgets_DisplayTags,auto)">LandscapeTagOverlayVisibility</include>
                        <include name="$PARAM[widgetLabelVisibility]" content="$PARAM[widgetLabelVisibility]" condition="Skin.String(Widgets_DisplayTags,override)">
                            <param name="prefix" value="Landscape" />
                        </include>
                    </control>
                </control>
            </itemlayout>
            <focusedlayout width="430" height="260">
                <control type="group">
                    <width>430</width>
                    <height>260</height>
                    <animation effect="zoom" center="auto" start="100" end="105" time="160" tween="quadratic" condition="Skin.HasSetting(WidgetsZoomFocus)">Focus</animation>
                    <include>ThumbsViewLayoutFocus</include>
                    <control type="group">
                        <description>widget label overlay</description>
                        <include condition="!Skin.String(Widgets_DisplayTags,disable)">ThumbsTagOverlay</include>
                        <include condition="Skin.String(Widgets_DisplayTags,auto)">LandscapeTagOverlayVisibility</include>
                        <include name="$PARAM[widgetLabelVisibility]" content="$PARAM[widgetLabelVisibility]" condition="Skin.String(Widgets_DisplayTags,override)">
                            <param name="prefix" value="Landscape" />
                        </include>
                    </control>
                    <include name="HiddenWidgetButton" content="HiddenWidgetButton">
                        <param name="widgetstyle" value="landscapelarge" />
                        <param name="widgetid" value="$PARAM[widgetid]" />
                    </include>
                </control>
            </focusedlayout>
            <content target="videos">$INFO[Container(999).ListItemNoWrap($PARAM[listitemid]).Property(list)]</content>
        </control>
    </include>
    <include name="widget_layout_landscape_netflix_details">
        <include>widget_layout_general</include>
        <height>210</height>
        <orientation>horizontal</orientation>
        <itemlayout width="366" height="210">
			<control type="group">
                <width>354</width>
                <height>200</height>
                <include>ThumbsViewLayout</include>
                <control type="group">
                    <description>widget label overlay</description>
                    <include condition="!Skin.String(Widgets_DisplayTags,disable)">ThumbsTagOverlay</include>
                    <include condition="Skin.String(Widgets_DisplayTags,auto)">LandscapeTagOverlayVisibility</include>
                    <include name="$PARAM[widgetLabelVisibility]" content="$PARAM[widgetLabelVisibility]" condition="Skin.String(Widgets_DisplayTags,override)">
                        <param name="prefix" value="Landscape" />
                    </include>
                </control>
            </control>
		</itemlayout>
        <focusedlayout width="1090" height="205" condition="Control.HasFocus($PARAM[widgetid])">
            <include>widebox_netflix</include>
            <include name="HiddenWidgetButton" content="HiddenWidgetButton">
                <param name="widgetstyle" value="landscape" />
                <param name="widgetid" value="$PARAM[widgetid]" />
            </include>
        </focusedlayout>
		<focusedlayout width="366" height="210" condition="!Control.HasFocus($PARAM[widgetid])">
			<control type="group">
                <width>354</width>
                <height>200</height>
                <include>ThumbsViewLayout</include>
                <control type="group">
                    <description>widget label overlay</description>
                    <include condition="!Skin.String(Widgets_DisplayTags,disable)">ThumbsTagOverlay</include>
                    <include condition="Skin.String(Widgets_DisplayTags,auto)">LandscapeTagOverlayVisibility</include>
                    <include name="$PARAM[widgetLabelVisibility]" content="$PARAM[widgetLabelVisibility]" condition="Skin.String(Widgets_DisplayTags,override)">
                        <param name="prefix" value="Landscape" />
                    </include>
                </control>
                <include name="HiddenWidgetButton" content="HiddenWidgetButton">
                    <param name="widgetstyle" value="landscape" />
                    <param name="widgetid" value="$PARAM[widgetid]" />
                </include>
            </control>
		</focusedlayout>
		
	</include>
    <include name="widget_layout_poster_netflix_details">
        <include>widget_layout_general</include>
        <height>380</height>
        <orientation>horizontal</orientation>
        
        <itemlayout height="380" width="261">
          <control type="group">
            <width>250</width>
            <height>370</height>
            <include>PosterPanelLayout</include>
            <control type="group">
                <description>widget label overlay</description>
                <include condition="!Skin.String(Widgets_DisplayTags,disable)">PosterTagOverlay</include>
                <include name="$PARAM[widgetLabelVisibility]" content="$PARAM[widgetLabelVisibility]" condition="Skin.String(Widgets_DisplayTags,override)">
                    <param name="prefix" value="Poster" />
                </include>
                <include condition="Skin.String(Widgets_DisplayTags,auto)">PosterTagOverlayVisibility</include>
            </control>
          </control>
        </itemlayout>
        <focusedlayout height="380" width="261" condition="!Control.HasFocus($PARAM[widgetid])">
          <control type="group">
            <width>250</width>
            <height>370</height>
            <include>PosterPanelLayout</include>
            <control type="group">
                <description>widget label overlay</description>
                <include condition="!Skin.String(Widgets_DisplayTags,disable)">PosterTagOverlay</include>
                <include condition="Skin.String(Widgets_DisplayTags,auto)">PosterTagOverlayVisibility</include>
                <include name="$PARAM[widgetLabelVisibility]" content="$PARAM[widgetLabelVisibility]" condition="Skin.String(Widgets_DisplayTags,override)">
                    <param name="prefix" value="Poster" />
                </include>
            </control>
            <include name="HiddenWidgetButton" content="HiddenWidgetButton">
                <param name="widgetstyle" value="poster" />
                <param name="widgetid" value="$PARAM[widgetid]" />
            </include>
          </control>
        </focusedlayout>
        <focusedlayout width="780" height="380" condition="Control.HasFocus($PARAM[widgetid])">
            <include>widebox_netflix_poster</include>
            <include name="HiddenWidgetButton" content="HiddenWidgetButton">
                <param name="widgetstyle" value="poster" />
                <param name="widgetid" value="$PARAM[widgetid]" />
            </include>
        </focusedlayout>
	</include>
    
    <include name="widebox_netflix">
        <!-- wide box widget -->
        <control type="group">
            <control type="image">
                <texture border="5">diffuse/panel.png</texture>
                <colordiffuse>$INFO[Skin.String(ViewDetailsPanelColor)]</colordiffuse>
            </control>
            <control type="image">
                <texture border="5">diffuse/thinborder.png</texture>
                <colordiffuse>$INFO[Skin.String(ViewDetailsFocusColor)]</colordiffuse>
            </control>
            <!-- poster image -->
            <control type="group">
                <width>354</width>
                <height>200</height>
                <include>ThumbsViewLayout</include>
            </control>
            <control type="label">
                <left>370</left>
                <width>70%</width>
                <top>8</top>
                <aligny>top</aligny>
                <height>80</height>
                <font>Reg30</font>
                <textcolor>$INFO[Skin.String(ViewDetailsTextColor)]</textcolor>
                <label>$VAR[HomeMenuWidgetInfoLabel]</label>
            </control>
            <control type="textbox">
                <left>370</left>
                <right>30</right>
                <right>10</right>
                <top>50</top>
                <height>145</height>
                <font>Reg24</font>
                <align>justify</align>
                <autoscroll delay="4000" time="3000" repeat="10000" condition="!Control.HasFocus(510) + !Skin.HasSetting(DisablePlotAutoScroll)" />
                <autoscroll delay="4000" time="3000" repeat="10000" condition="Control.HasFocus(510) + !Skin.HasSetting(DisablePlotAutoScroll)" />
                <textcolor>$INFO[Skin.String(ViewDetailsTextColor)]</textcolor>
                <label>$VAR[HomeMenuWidgetInfoPlotAlt]</label>
            </control>
        </control>
    
    </include>
    <include name="widebox_netflix_poster">
        <!-- wide box widget -->
        <control type="group">
            <control type="image">
                <texture border="5">diffuse/panel.png</texture>
                <colordiffuse>$INFO[Skin.String(ViewDetailsPanelColor)]</colordiffuse>
            </control>
            <control type="image">
                <texture border="5">diffuse/thinborder.png</texture>
                <colordiffuse>$INFO[Skin.String(ViewDetailsFocusColor)]</colordiffuse>
            </control>
            <!-- poster image -->
            <control type="group">
                <width>250</width>
                <height>370</height>
                <include>PosterPanelLayout</include>
              </control>
            <control type="textbox">
                <left>260</left>
                <right>30</right>
                <top>8</top>
                <aligny>top</aligny>
                <height>40</height>
                <font>Reg30</font>
                <textcolor>$INFO[Skin.String(ViewDetailsTextColor)]</textcolor>
                <label>$VAR[HomeMenuWidgetInfoLabel]</label>
            </control>
            <control type="textbox">
                <left>260</left>
                <right>30</right>
                <top>50</top>
                <bottom>20</bottom>
                <font>Reg24</font>
                <align>justify</align>
                <autoscroll delay="4000" time="3000" repeat="10000" condition="!Control.HasFocus(510) + !Skin.HasSetting(DisablePlotAutoScroll)" />
                <autoscroll delay="4000" time="3000" repeat="10000" condition="Control.HasFocus(510) + !Skin.HasSetting(DisablePlotAutoScroll)" />
                <textcolor>$INFO[Skin.String(ViewDetailsTextColor)]</textcolor>
                <label>$VAR[HomeMenuWidgetInfoPlotAlt]</label>
            </control>
        </control>
    
    </include>
    
    <include name="netflix_items_tvshows">
        <item>
			<label>$ADDON[script.skin.helper.service 32002]</label>
			<property name="list">plugin://script.skin.helper.widgets/?action=next&amp;mediatype=episodes&amp;limit=25&amp;reload=$INFO[Window(Home).Property(widgetreload-episodes)]</property>
			<onclick>noop</onclick>
		</item>
        <item>
			<label>$ADDON[script.skin.helper.service 32130]</label>
			<property name="list">plugin://script.skin.helper.widgets/?action=similar&amp;mediatype=tvshows&amp;limit=25&amp;reload=$INFO[Window(Home).Property(widgetreload)]$INFO[Window(Home).Property(widgetreload2)]</property>
			<onclick>noop</onclick>
		</item>
        <item>
			<label>20387</label>
			<property name="list">plugin://script.skin.helper.widgets/?action=recent&amp;mediatype=episodes&amp;limit=25&amp;reload=$INFO[Window(Home).Property(widgetreload-episodes)]</property>
			<onclick>noop</onclick>
		</item>
        <item>
			<label>31103</label>
			<property name="list">plugin://script.skin.helper.widgets/?action=random&amp;mediatype=episodes&amp;limit=25&amp;reload=$INFO[Window(Home).Property(widgetreload-episodes)]</property>
			<onclick>noop</onclick>
		</item>
        <item>
			<label>$INFO[Container(550).ListItem.Property(genretitle)]</label>
			<property name="list">plugin://script.skin.helper.service/?action=showsforgenre&amp;limit=25&amp;reload=$INFO[Window(Home).Property(widgetreload2)]</property>
			<onclick>noop</onclick>
		</item>
        <item>
			<label>$INFO[Container(560).ListItem.Property(genretitle)]</label>
			<property name="list">plugin://script.skin.helper.service/?action=showsforgenre&amp;limit=26&amp;reload=$INFO[Window(Home).Property(widgetreload2)]</property>
			<onclick>noop</onclick>
		</item>
    </include>
    <include name="netflix_items_movies">
        <item>
			<label>$ADDON[script.skin.helper.service 32003]</label>
			<property name="list">plugin://script.skin.helper.widgets/?action=recommended&amp;mediatype=movies&amp;limit=25&amp;reload=$INFO[Window(Home).Property(widgetreload)]</property>
			<onclick>noop</onclick>
		</item>
        <item>
			<label>$ADDON[script.skin.helper.service 32006]</label>
			<property name="list">plugin://script.skin.helper.widgets/?action=similar&amp;mediatype=movies&amp;limit=25&amp;reload=$INFO[Window(Home).Property(widgetreload)]$INFO[Window(Home).Property(widgetreload2)]</property>
			<onclick>noop</onclick>
		</item>
        <item>
			<label>20386</label>
			<property name="list">plugin://script.skin.helper.widgets/?action=recent&amp;mediatype=movies&amp;limit=25&amp;reload=$INFO[Window(Home).Property(widgetreload-movies)]</property>
			<onclick>noop</onclick>
		</item>
        <item>
			<label>31102</label>
			<property name="list">plugin://script.skin.helper.widgets/?action=random&amp;mediatype=movies&amp;limit=25&amp;reload=$INFO[Window(Home).Property(widgetreload-movies)]</property>
			<onclick>noop</onclick>
		</item>
        <item>
			<label>$INFO[Container(550).ListItem.Property(genretitle)]</label>
			<property name="list">plugin://script.skin.helper.widgets/?action=forgenre&amp;mediatype=movies&amp;limit=25&amp;reload=$INFO[Window(Home).Property(widgetreload2)]</property>
			<onclick>noop</onclick>
		</item>
        <item>
			<label>$INFO[Container(560).ListItem.Property(genretitle)]</label>
			<property name="list">plugin://script.skin.helper.widgets/?action=forgenre&amp;mediatype=movies&amp;limit=26&amp;reload=$INFO[Window(Home).Property(widgetreload2)]</property>
			<onclick>noop</onclick>
		</item>
        <item>
			<label>31297</label>
			<property name="list">plugin://script.skin.helper.widgets/?action=unwatched&amp;mediatype=movies&amp;limit=25&amp;reload=$INFO[Window(Home).Property(widgetreload-movies)]</property>
			<onclick>noop</onclick>
		</item>
    </include>
    <include name="netflix_items_flix2kodi">
        <item>
			<label>$INFO[Window(Home).Property(netflix.generic.mylist.title)]</label>
			<property name="list">$INFO[Window(Home).Property(netflix.generic.mylist.content)]&amp;reload=$INFO[Window(Home).Property(widgetreload2)]</property>
			<onclick>noop</onclick>
		</item>
        <item>
			<label>$INFO[Window(Home).Property(netflix.generic.inprogress.title)]</label>
			<property name="list">$INFO[Window(Home).Property(netflix.generic.inprogress.content)]&amp;reload=$INFO[Window(Home).Property(widgetreload2)]</property>
			<onclick>noop</onclick>
		</item>
        <item>
			<label>$INFO[Window(Home).Property(netflix.generic.suggestions.title)]</label>
			<property name="list">$INFO[Window(Home).Property(netflix.generic.suggestions.content)]&amp;reload=$INFO[Window(Home).Property(widgetreload2)]</property>
			<onclick>noop</onclick>
		</item>
        <item>
			<label>$INFO[Window(Home).Property(netflix.generic.recommended.title)]</label>
			<property name="list">$INFO[Window(Home).Property(netflix.generic.recommended.content)]&amp;reload=$INFO[Window(Home).Property(widgetreload2)]</property>
			<onclick>noop</onclick>
		</item>
        <item>
			<label>$INFO[Window(Home).Property(netflix.generic.recent.title)]</label>
			<property name="list">$INFO[Window(Home).Property(netflix.generic.recent.content)]</property>
			<onclick>noop</onclick>
		</item>
        <item>
			<label>$INFO[Window(Home).Property(netflix.generic.trending.title)]</label>
			<property name="list">$INFO[Window(Home).Property(netflix.generic.trending.content)]</property>
			<onclick>noop</onclick>
		</item>
        <item>
			<label>$INFO[Window(Home).Property(netflix.generic.suggestions.0.title)]</label>
			<property name="list">$INFO[Window(Home).Property(netflix.generic.suggestions.0.content)]</property>
			<onclick>noop</onclick>
		</item>
        <item>
			<label>$INFO[Window(Home).Property(netflix.generic.suggestions.1.title)]</label>
			<property name="list">$INFO[Window(Home).Property(netflix.generic.suggestions.1.content)]</property>
			<onclick>noop</onclick>
		</item>
        <item>
			<label>$INFO[Window(Home).Property(netflix.generic.suggestions.2.title)]</label>
			<property name="list">$INFO[Window(Home).Property(netflix.generic.suggestions.2.content)]</property>
			<onclick>noop</onclick>
		</item>
        <item>
			<label>$INFO[Window(Home).Property(netflix.generic.suggestions.3.title)]</label>
			<property name="list">$INFO[Window(Home).Property(netflix.generic.suggestions.3.content)]</property>
			<onclick>noop</onclick>
		</item>
        <item>
			<label>$INFO[Window(Home).Property(netflix.generic.suggestions.4.title)]</label>
			<property name="list">$INFO[Window(Home).Property(netflix.generic.suggestions.4.content)]</property>
			<onclick>noop</onclick>
		</item>
    </include>
    <include name="netflix_mainmenu_movies">
        <content target="videos">library://video/movies</content>
    </include>
    <include name="netflix_mainmenu_tvshows">
        <content target="videos">library://video/tvshows</content>
    </include>
    <include name="netflix_mainmenu_flix2kodi">
        <content>
            <item>
                <label>$INFO[Window(Home).Property(netflix.generic.title)]</label>
                <onclick>$INFO[Window(Home).Property(netflix.generic.path)]</onclick>
            </item>
            <item>
                <label>342</label>
                <onclick>$INFO[Window(Home).Property(netflix.movies.path)]</onclick>
            </item>
            <item>
                <label>20343</label>
                <onclick>$INFO[Window(Home).Property(netflix.tvshows.path)]</onclick>
            </item>
            <item>
                <label>$INFO[Window(Home).Property(netflix.generic.mylist.title)]</label>
                <onclick>$INFO[Window(Home).Property(netflix.generic.mylist.path)]</onclick>
            </item>
            <item>
                <label>$INFO[Window(Home).Property(netflix.generic.inprogress.title)]</label>
                <onclick>$INFO[Window(Home).Property(netflix.generic.inprogress.path)]</onclick>
            </item>
            <item>
                <label>$INFO[Window(Home).Property(netflix.generic.suggestions.title)]</label>
                <onclick>$INFO[Window(Home).Property(netflix.generic.suggestions.path)]</onclick>
            </item>
            <item>
                <label>$INFO[Window(Home).Property(netflix.generic.recent.title)]</label>
                <onclick>$INFO[Window(Home).Property(netflix.generic.recent.path)]</onclick>
            </item>
        </content>
    </include>
    
    <variable name="netflix2_SubTitle">
        <value condition="StringCompare(Window(Home).Property(ListItem.dbtype,episode))">$INFO[Window(Home).Property(ListItem.Label)]</value>
        <value>$INFO[Window(Home).Property(ListItem.TagLine)]</value>
    </variable>
        
</includes>