<?xml version="1.0" encoding="UTF-8"?>


<template>

	<other include="spotlightwidget">
		<condition tag="property" attribute="name|widget.99"></condition>
		<match>all</match>
        <property name="id" tag="mainmenuid" />
        <property name="submenuVisibility" tag="property" attribute="name|submenuVisibility" />

		<property name="target" tag="property" attribute="name|widgetTarget.99" />
        <property name="submenuVisibility" tag="property" attribute="name|submenuVisibility" />
        <property name="content" tag="property" attribute="name|widgetPath.99" />

		<controls>
			<control type="panel" id="1508">
				<skinshortcuts>visibility</skinshortcuts>
				<include>EnhancedHomeSpotLightWidgetLayout</include>
				<content target="$SKINSHORTCUTS[target]">$SKINSHORTCUTS[content]</content>
			</control>
		</controls>
    </other>

    <other include="Widgets">
		<condition tag="property" attribute="name|widget"></condition>
		<match>all</match>
        
        <property name="id" tag="mainmenuid" />
        <property name="submenuid" tag="property" attribute="name|submenuVisibility" />
        
        <property name="multiWidgets" propertyValue="false">
            <rule tag="property" attribute="name|multiwidget" value="single" />
            <rule tag="property" attribute="name|multiwidget" value="single2" />
        </property>
        <property name="multiWidgets">true</property>
        
        <property name="multiRows" propertyValue="true">
            <rule tag="property" attribute="name|multiwidget" value="single2" />
            <rule tag="property" attribute="name|multiwidget" value="multi2" />
        </property>
        <property name="multiRows">false</property>
        
        <!-- widget 1 -->
		<property name="widgetTarget1" tag="property" attribute="name|widgetTarget" />
        <property name="contentStyle1" tag="property" attribute="name|widgetForceRefresh" value="refresh">refresh</property>
        <property name="contentStyle1" tag="property" attribute="name|widgetPath" value="$INCLUDE[skinshortcuts-submenu]">submenu</property>
        <property name="contentStyle1" tag="property" attribute="name|widgetPath" value="$INCLUDE[WeatherWidget]">weather</property>
        <property name="contentStyle1" tag="property" attribute="name|widgetPath" value="$INCLUDE[SystemInfoWidget]">systeminfo</property>
        <property name="contentStyle1" tag="property" attribute="name|widgetPath" value="$INCLUDE[RCBWidget]">rcb</property>
        <property name="contentStyle1">normal</property>
        <property name="widgetPath1" tag="property" attribute="name|widgetPath" />
        <property name="widgetPath1"/>
        <property name="widgetName1" tag="property" attribute="name|widgetName" />
        <property name="widgetTags1" tag="property" attribute="name|widgetTags" value="enable">WidgetTagOverlayEnable</property>
        <property name="widgetTags1" tag="property" attribute="name|widgetTags" value="disable">WidgetTagOverlayDisable</property>
        <property name="widgetTags1">WidgetTagOverlayAuto</property>
        <property name="widgetStyle1" tag="property" attribute="name|widgetstyle" />
        <property name="widgetStyle1">default</property>
        <property name="widgetInfoPanel1" tag="property" attribute="name|widgetInfoPanel" />
        <property name="widgetInfoPanel1">top</property>
        <property name="widgetFixedFocus1" tag="property" attribute="name|widgetFixedFocus" />
        <property name="widgetFixedFocus1">disabled</property>

        <!-- widget 2 -->
		<property name="widgetTarget2" tag="property" attribute="name|widgetTarget.1" />
        <property name="contentStyle2" tag="property" attribute="name|widgetForceRefresh.1" value="refresh">refresh</property>
        <property name="contentStyle2" tag="property" attribute="name|widgetPath.1" value="$INCLUDE[skinshortcuts-submenu]">submenu</property>
        <property name="contentStyle2" tag="property" attribute="name|widgetPath.1" value="$INCLUDE[WeatherWidget]">weather</property>
        <property name="contentStyle2" tag="property" attribute="name|widgetPath.1" value="$INCLUDE[SystemInfoWidget]">systeminfo</property>
        <property name="contentStyle2" tag="property" attribute="name|widgetPath.1" value="$INCLUDE[RCBWidget]">rcb</property>
        <property name="contentStyle2">normal</property>
        <property name="widgetPath2" tag="property" attribute="name|widgetPath.1" />
        <property name="widgetPath2"/>
        <property name="widgetName2" tag="property" attribute="name|widgetName.1" />
        <property name="widgetTags2" tag="property" attribute="name|widgetTags.1" value="enable">WidgetTagOverlayEnable</property>
        <property name="widgetTags2" tag="property" attribute="name|widgetTags.1" value="disable">WidgetTagOverlayDisable</property>
        <property name="widgetTags2">WidgetTagOverlayAuto</property>
        <property name="widgetStyle2" tag="property" attribute="name|widgetstyle.1" />
        <property name="widgetStyle2">default</property>
        <property name="widgetInfoPanel2" tag="property" attribute="name|widgetInfoPanel.1" />
        <property name="widgetInfoPanel2">top</property>
        <property name="widgetFixedFocus2" tag="property" attribute="name|widgetFixedFocus.1" />
        <property name="widgetFixedFocus2">disabled</property>

        <!-- widget 3 -->
		<property name="widgetTarget3" tag="property" attribute="name|widgetTarget.2" />
        <property name="contentStyle3" tag="property" attribute="name|widgetForceRefresh.2" value="refresh">refresh</property>
        <property name="contentStyle3" tag="property" attribute="name|widgetPath.2" value="$INCLUDE[skinshortcuts-submenu]">submenu</property>
        <property name="contentStyle3" tag="property" attribute="name|widgetPath.2" value="$INCLUDE[WeatherWidget]">weather</property>
        <property name="contentStyle3" tag="property" attribute="name|widgetPath.2" value="$INCLUDE[SystemInfoWidget]">systeminfo</property>
        <property name="contentStyle3" tag="property" attribute="name|widgetPath.2" value="$INCLUDE[RCBWidget]">rcb</property>
        <property name="contentStyle3">normal</property>
        <property name="widgetPath3" tag="property" attribute="name|widgetPath.2" />
        <property name="widgetPath3"/>
        <property name="widgetName3" tag="property" attribute="name|widgetName.2" />
        <property name="widgetTags3" tag="property" attribute="name|widgetTags.2" value="enable">WidgetTagOverlayEnable</property>
        <property name="widgetTags3" tag="property" attribute="name|widgetTags.2" value="disable">WidgetTagOverlayDisable</property>
        <property name="widgetTags3">WidgetTagOverlayAuto</property>
        <property name="widgetStyle3" tag="property" attribute="name|widgetstyle.2" />
        <property name="widgetStyle3">default</property>
        <property name="widgetInfoPanel3" tag="property" attribute="name|widgetInfoPanel.2" />
        <property name="widgetInfoPanel3">top</property>
        <property name="widgetFixedFocus3" tag="property" attribute="name|widgetFixedFocus.2" />
        <property name="widgetFixedFocus3">disabled</property>
        
        <!-- widget 4 -->
		<property name="widgetTarget4" tag="property" attribute="name|widgetTarget.3" />
        <property name="contentStyle4" tag="property" attribute="name|widgetForceRefresh.3" value="refresh">refresh</property>
        <property name="contentStyle4" tag="property" attribute="name|widgetPath.3" value="$INCLUDE[skinshortcuts-submenu]">submenu</property>
        <property name="contentStyle4" tag="property" attribute="name|widgetPath.3" value="$INCLUDE[WeatherWidget]">weather</property>
        <property name="contentStyle4" tag="property" attribute="name|widgetPath.3" value="$INCLUDE[SystemInfoWidget]">systeminfo</property>
        <property name="contentStyle4" tag="property" attribute="name|widgetPath.3" value="$INCLUDE[RCBWidget]">rcb</property>
        <property name="contentStyle4">normal</property>
        <property name="widgetPath4" tag="property" attribute="name|widgetPath.3" />
        <property name="widgetPath4"/>
        <property name="widgetName4" tag="property" attribute="name|widgetName.3" />
        <property name="widgetTags4" tag="property" attribute="name|widgetTags.3" value="enable">WidgetTagOverlayEnable</property>
        <property name="widgetTags4" tag="property" attribute="name|widgetTags.3" value="disable">WidgetTagOverlayDisable</property>
        <property name="widgetTags4">WidgetTagOverlayAuto</property>
        <property name="widgetStyle4" tag="property" attribute="name|widgetstyle.3" />
        <property name="widgetStyle4">default</property>
        <property name="widgetInfoPanel4" tag="property" attribute="name|widgetInfoPanel.3" />
        <property name="widgetInfoPanel4">top</property>
        <property name="widgetFixedFocus4" tag="property" attribute="name|widgetFixedFocus.3" />
        <property name="widgetFixedFocus4">disabled</property>
        
        <!-- widget 5 -->
		<property name="widgetTarget5" tag="property" attribute="name|widgetTarget.4" />
        <property name="contentStyle5" tag="property" attribute="name|widgetForceRefresh.4" value="refresh">refresh</property>
        <property name="contentStyle5" tag="property" attribute="name|widgetPath.4" value="$INCLUDE[skinshortcuts-submenu]">submenu</property>
        <property name="contentStyle5" tag="property" attribute="name|widgetPath.4" value="$INCLUDE[WeatherWidget]">weather</property>
        <property name="contentStyle5" tag="property" attribute="name|widgetPath.4" value="$INCLUDE[SystemInfoWidget]">systeminfo</property>
        <property name="contentStyle5" tag="property" attribute="name|widgetPath.4" value="$INCLUDE[RCBWidget]">rcb</property>
        <property name="contentStyle5">normal</property>
        <property name="widgetPath5" tag="property" attribute="name|widgetPath.4" />
        <property name="widgetPath5"/>
        <property name="widgetName5" tag="property" attribute="name|widgetName.4" />
        <property name="widgetTags5" tag="property" attribute="name|widgetTags.4" value="enable">WidgetTagOverlayEnable</property>
        <property name="widgetTags5" tag="property" attribute="name|widgetTags.4" value="disable">WidgetTagOverlayDisable</property>
        <property name="widgetTags5">WidgetTagOverlayAuto</property>
        <property name="widgetStyle5" tag="property" attribute="name|widgetstyle.4" />
        <property name="widgetStyle5">default</property>
        <property name="widgetInfoPanel5" tag="property" attribute="name|widgetInfoPanel.4" />
        <property name="widgetInfoPanel5">top</property>
        <property name="widgetFixedFocus5" tag="property" attribute="name|widgetFixedFocus.4" />
        <property name="widgetFixedFocus5">disabled</property>
        
        <!-- widget 6 -->
		<property name="widgetTarget6" tag="property" attribute="name|widgetTarget.5" />
        <property name="contentStyle6" tag="property" attribute="name|widgetForceRefresh.5" value="refresh">refresh</property>
        <property name="contentStyle6" tag="property" attribute="name|widgetPath.5" value="$INCLUDE[skinshortcuts-submenu]">submenu</property>
        <property name="contentStyle6" tag="property" attribute="name|widgetPath.5" value="$INCLUDE[WeatherWidget]">weather</property>
        <property name="contentStyle6" tag="property" attribute="name|widgetPath.5" value="$INCLUDE[SystemInfoWidget]">systeminfo</property>
        <property name="contentStyle6" tag="property" attribute="name|widgetPath.5" value="$INCLUDE[RCBWidget]">rcb</property>
        <property name="contentStyle6">normal</property>
        <property name="widgetPath6" tag="property" attribute="name|widgetPath.5" />
        <property name="widgetPath6"/>
        <property name="widgetName6" tag="property" attribute="name|widgetName.5" />
        <property name="widgetTags6" tag="property" attribute="name|widgetTags.5" value="enable">WidgetTagOverlayEnable</property>
        <property name="widgetTags6" tag="property" attribute="name|widgetTags.5" value="disable">WidgetTagOverlayDisable</property>
        <property name="widgetTags6">WidgetTagOverlayAuto</property>
        <property name="widgetStyle6" tag="property" attribute="name|widgetstyle.5" />
        <property name="widgetStyle6">default</property>
        <property name="widgetInfoPanel6" tag="property" attribute="name|widgetInfoPanel.5" />
        <property name="widgetInfoPanel6">top</property>
        <property name="widgetFixedFocus6" tag="property" attribute="name|widgetFixedFocus.5" />
        <property name="widgetFixedFocus6">disabled</property>
        
        <!-- widget 7 -->
		<property name="widgetTarget7" tag="property" attribute="name|widgetTarget.6" />
        <property name="contentStyle7" tag="property" attribute="name|widgetForceRefresh.6" value="refresh">refresh</property>
        <property name="contentStyle7" tag="property" attribute="name|widgetPath.6" value="$INCLUDE[skinshortcuts-submenu]">submenu</property>
        <property name="contentStyle7" tag="property" attribute="name|widgetPath.6" value="$INCLUDE[WeatherWidget]">weather</property>
        <property name="contentStyle7" tag="property" attribute="name|widgetPath.6" value="$INCLUDE[SystemInfoWidget]">systeminfo</property>
        <property name="contentStyle7" tag="property" attribute="name|widgetPath.6" value="$INCLUDE[RCBWidget]">rcb</property>
        <property name="contentStyle7">normal</property>
        <property name="widgetPath7" tag="property" attribute="name|widgetPath.6" />
        <property name="widgetPath7"/>
        <property name="widgetName7" tag="property" attribute="name|widgetName.6" />
        <property name="widgetTags7" tag="property" attribute="name|widgetTags.6" value="enable">WidgetTagOverlayEnable</property>
        <property name="widgetTags7" tag="property" attribute="name|widgetTags.6" value="disable">WidgetTagOverlayDisable</property>
        <property name="widgetTags7">WidgetTagOverlayAuto</property>
        <property name="widgetStyle7" tag="property" attribute="name|widgetstyle.6" />
        <property name="widgetStyle7">default</property>
        <property name="widgetInfoPanel7" tag="property" attribute="name|widgetInfoPanel.6" />
        <property name="widgetInfoPanel7">top</property>
        <property name="widgetFixedFocus7" tag="property" attribute="name|widgetFixedFocus.6" />
        <property name="widgetFixedFocus7">disabled</property>
        
        <!-- widget 8 -->
		<property name="widgetTarget8" tag="property" attribute="name|widgetTarget.7" />
        <property name="contentStyle8" tag="property" attribute="name|widgetForceRefresh.7" value="refresh">refresh</property>
        <property name="contentStyle8" tag="property" attribute="name|widgetPath.7" value="$INCLUDE[skinshortcuts-submenu]">submenu</property>
        <property name="contentStyle8" tag="property" attribute="name|widgetPath.7" value="$INCLUDE[WeatherWidget]">weather</property>
        <property name="contentStyle8" tag="property" attribute="name|widgetPath.7" value="$INCLUDE[SystemInfoWidget]">systeminfo</property>
        <property name="contentStyle8" tag="property" attribute="name|widgetPath.7" value="$INCLUDE[RCBWidget]">rcb</property>
        <property name="contentStyle8">normal</property>
        <property name="widgetPath8" tag="property" attribute="name|widgetPath.7" />
        <property name="widgetPath8"/>
        <property name="widgetName8" tag="property" attribute="name|widgetName.7" />
        <property name="widgetTags8" tag="property" attribute="name|widgetTags.7" value="enable">WidgetTagOverlayEnable</property>
        <property name="widgetTags8" tag="property" attribute="name|widgetTags.7" value="disable">WidgetTagOverlayDisable</property>
        <property name="widgetTags8">WidgetTagOverlayAuto</property>
        <property name="widgetStyle8" tag="property" attribute="name|widgetstyle.7" />
        <property name="widgetStyle8">default</property>
        <property name="widgetInfoPanel8" tag="property" attribute="name|widgetInfoPanel.7" />
        <property name="widgetInfoPanel8">top</property>
        <property name="widgetFixedFocus8" tag="property" attribute="name|widgetFixedFocus.7" />
        <property name="widgetFixedFocus8">disabled</property>
        
        <controls>
            
            <include name="widget_header_single" content="widget_header_single" condition="!Skin.String(HomeLayout,win10) + ![$SKINSHORTCUTS[multiWidgets] + [SubString(Skin.String(HomeLayout),ver) | SubString(Skin.String(HomeLayout),netflix)]] + $PYTHON['true' if widgetPath1 else 'false']">
                <param name="mainmenuid" value="$SKINSHORTCUTS[id]" />
                <param name="submenuid" value="$SKINSHORTCUTS[submenuid]" />
                <param name="hasWidget0" value="$PYTHON['true' if widgetPath1 else 'false']" />
                <param name="hasWidget1" value="$PYTHON['true' if widgetPath2 else 'false']" />
                <param name="hasWidget2" value="$PYTHON['true' if widgetPath3 else 'false']" />
                <param name="hasWidget3" value="$PYTHON['true' if widgetPath4 else 'false']" />
                <param name="hasWidget4" value="$PYTHON['true' if widgetPath5 else 'false']" />
                <param name="hasWidget5" value="$PYTHON['true' if widgetPath6 else 'false']" />
                <param name="hasWidget6" value="$PYTHON['true' if widgetPath7 else 'false']" />
                <param name="hasWidget7" value="$PYTHON['true' if widgetPath8 else 'false']" />
                <param name="widgetStyle1" value="$SKINSHORTCUTS[widgetStyle1]" />
                <param name="widgetStyle2" value="$SKINSHORTCUTS[widgetStyle2]" />
                <param name="widgetStyle3" value="$SKINSHORTCUTS[widgetStyle3]" />
                <param name="widgetStyle4" value="$SKINSHORTCUTS[widgetStyle4]" />
                <param name="widgetStyle5" value="$SKINSHORTCUTS[widgetStyle5]" />
                <param name="widgetStyle6" value="$SKINSHORTCUTS[widgetStyle6]" />
                <param name="widgetStyle7" value="$SKINSHORTCUTS[widgetStyle7]" />
                <param name="widgetStyle8" value="$SKINSHORTCUTS[widgetStyle8]" />
            </include>
            
            <!-- widget 1 -->
            <include name="widget_header_multi" content="widget_header_multi" condition="!Skin.String(HomeLayout,win10) + $SKINSHORTCUTS[multiWidgets] + [SubString(Skin.String(HomeLayout),ver) | SubString(Skin.String(HomeLayout),netflix)] + $PYTHON['true' if widgetPath1 else 'false']">
                <param name="widgetid" value="$SKINSHORTCUTS[id]510" />
                <param name="submenuid" value="$SKINSHORTCUTS[submenuid]" />
                <param name="widgetName" value="$SKINSHORTCUTS[widgetName1]" />
            </include>
            <include name="widget_base" content="widget_base" condition="$PYTHON['true' if widgetPath1 else 'false']">
                <param name="containerType" value="$PYTHON['fixedlist' if widgetStyle1 in 'details' or 'enabled' in widgetFixedFocus1 else 'panel']" />
                <param name="contentStyle" value="$SKINSHORTCUTS[contentStyle1]" />
                <param name="widgetid" value="$SKINSHORTCUTS[id]510" />
                <param name="widgetName" value="$SKINSHORTCUTS[widgetName1]" />
                <param name="submenuid" value="$SKINSHORTCUTS[submenuid]" />
                <param name="widgetTags" value="$SKINSHORTCUTS[widgetTags1]" />
                <param name="widgetTarget" value="$SKINSHORTCUTS[widgetTarget1]" />
                <param name="widgetPath" value="$SKINSHORTCUTS[widgetPath1]" />
                <param name="widgetStyle" value="widget_layout_$SKINSHORTCUTS[widgetStyle1]" />
                <param name="widgetInfoPanel" value="$SKINSHORTCUTS[widgetInfoPanel1]" />
                <param name="visibility" value="Skin.String(HomeLayout,win10) | [$SKINSHORTCUTS[multiWidgets] + [SubString(Skin.String(HomeLayout),ver) | SubString(Skin.String(HomeLayout),netflix)]] | [![$SKINSHORTCUTS[multiWidgets] + [SubString(Skin.String(HomeLayout),ver) | SubString(Skin.String(HomeLayout),netflix)]] + [Skin.String(widgetvalue-$SKINSHORTCUTS[submenuid],0) | !Skin.String(widgetvalue-$SKINSHORTCUTS[submenuid])]]" />
                <param name="multiRows" value="$SKINSHORTCUTS[multiRows] + SubString(Skin.String(HomeLayout),ver)" />
            </include>
            
            <!-- widget 2 -->
            <include name="widget_header_multi" content="widget_header_multi" condition="!Skin.String(HomeLayout,win10) + $SKINSHORTCUTS[multiWidgets] + [SubString(Skin.String(HomeLayout),ver) | SubString(Skin.String(HomeLayout),netflix)] + $PYTHON['true' if widgetPath2 else 'false']">
                <param name="widgetid" value="$SKINSHORTCUTS[id]520" />
                <param name="submenuid" value="$SKINSHORTCUTS[submenuid]" />
                <param name="widgetName" value="$SKINSHORTCUTS[widgetName2]" />
            </include>
            <include name="widget_base" content="widget_base" condition="$PYTHON['true' if widgetPath2 else 'false']">
                <param name="containerType" value="$PYTHON['fixedlist' if widgetStyle2 in 'details' else 'panel']" />
                <param name="contentStyle" value="$SKINSHORTCUTS[contentStyle2]" />
                <param name="widgetid" value="$SKINSHORTCUTS[id]520" />
                <param name="widgetName" value="$SKINSHORTCUTS[widgetName2]" />
                <param name="submenuid" value="$SKINSHORTCUTS[submenuid]" />
                <param name="widgetTags" value="$SKINSHORTCUTS[widgetTags2]" />
                <param name="widgetTarget" value="$SKINSHORTCUTS[widgetTarget2]" />
                <param name="widgetPath" value="$SKINSHORTCUTS[widgetPath2]" />
                <param name="widgetStyle" value="widget_layout_$SKINSHORTCUTS[widgetStyle2]" />
                <param name="widgetInfoPanel" value="$SKINSHORTCUTS[widgetInfoPanel2]" />
                <param name="visibility" value="Skin.String(HomeLayout,win10) | [$SKINSHORTCUTS[multiWidgets] + [SubString(Skin.String(HomeLayout),ver) | SubString(Skin.String(HomeLayout),netflix)]] | [![$SKINSHORTCUTS[multiWidgets] + [SubString(Skin.String(HomeLayout),ver) | SubString(Skin.String(HomeLayout),netflix)]] + Skin.String(widgetvalue-$SKINSHORTCUTS[submenuid],1)]" />
                <param name="multiRows" value="$SKINSHORTCUTS[multiRows] + SubString(Skin.String(HomeLayout),ver)" />
            </include>
            
            <!-- widget 3 -->
            <include name="widget_header_multi" content="widget_header_multi" condition="!Skin.String(HomeLayout,win10) + $SKINSHORTCUTS[multiWidgets] + [SubString(Skin.String(HomeLayout),ver) | SubString(Skin.String(HomeLayout),netflix)] + $PYTHON['true' if widgetPath3 else 'false']">
                <param name="widgetid" value="$SKINSHORTCUTS[id]530" />
                <param name="submenuid" value="$SKINSHORTCUTS[submenuid]" />
                <param name="widgetName" value="$SKINSHORTCUTS[widgetName3]" />
            </include>
            <include name="widget_base" content="widget_base" condition="$PYTHON['true' if widgetPath3 else 'false']">
                <param name="containerType" value="$PYTHON['fixedlist' if widgetStyle3 in 'details' else 'panel']" />
                <param name="contentStyle" value="$SKINSHORTCUTS[contentStyle3]" />
                <param name="widgetid" value="$SKINSHORTCUTS[id]530" />
                <param name="widgetName" value="$SKINSHORTCUTS[widgetName3]" />
                <param name="submenuid" value="$SKINSHORTCUTS[submenuid]" />
                <param name="widgetTags" value="$SKINSHORTCUTS[widgetTags3]" />
                <param name="widgetTarget" value="$SKINSHORTCUTS[widgetTarget3]" />
                <param name="widgetPath" value="$SKINSHORTCUTS[widgetPath3]" />
                <param name="widgetStyle" value="widget_layout_$SKINSHORTCUTS[widgetStyle3]" />
                <param name="widgetInfoPanel" value="$SKINSHORTCUTS[widgetInfoPanel3]" />
                <param name="visibility" value="Skin.String(HomeLayout,win10) | [$SKINSHORTCUTS[multiWidgets] + [SubString(Skin.String(HomeLayout),ver) | SubString(Skin.String(HomeLayout),netflix)]] | [![$SKINSHORTCUTS[multiWidgets] + [SubString(Skin.String(HomeLayout),ver) | SubString(Skin.String(HomeLayout),netflix)]] + Skin.String(widgetvalue-$SKINSHORTCUTS[submenuid],2)]" />
                <param name="multiRows" value="$SKINSHORTCUTS[multiRows] + SubString(Skin.String(HomeLayout),ver)" />
            </include>
            
            <!-- widget 4 -->
            <include name="widget_header_multi" content="widget_header_multi" condition="!Skin.String(HomeLayout,win10) + $SKINSHORTCUTS[multiWidgets] + [SubString(Skin.String(HomeLayout),ver) | SubString(Skin.String(HomeLayout),netflix)] + $PYTHON['true' if widgetPath4 else 'false']">
                <param name="widgetid" value="$SKINSHORTCUTS[id]540" />
                <param name="submenuid" value="$SKINSHORTCUTS[submenuid]" />
                <param name="widgetName" value="$SKINSHORTCUTS[widgetName4]" />
            </include>
            <include name="widget_base" content="widget_base" condition="$PYTHON['true' if widgetPath4 else 'false']">
                <param name="containerType" value="$PYTHON['fixedlist' if widgetStyle4 in 'details' else 'panel']" />
                <param name="contentStyle" value="$SKINSHORTCUTS[contentStyle4]" />
                <param name="widgetid" value="$SKINSHORTCUTS[id]540" />
                <param name="widgetName" value="$SKINSHORTCUTS[widgetName4]" />
                <param name="submenuid" value="$SKINSHORTCUTS[submenuid]" />
                <param name="widgetTags" value="$SKINSHORTCUTS[widgetTags4]" />
                <param name="widgetTarget" value="$SKINSHORTCUTS[widgetTarget4]" />
                <param name="widgetPath" value="$SKINSHORTCUTS[widgetPath4]" />
                <param name="widgetStyle" value="widget_layout_$SKINSHORTCUTS[widgetStyle4]" />
                <param name="widgetInfoPanel" value="$SKINSHORTCUTS[widgetInfoPanel4]" />
                <param name="visibility" value="Skin.String(HomeLayout,win10) | [$SKINSHORTCUTS[multiWidgets] + [SubString(Skin.String(HomeLayout),ver) | SubString(Skin.String(HomeLayout),netflix)]] | [![$SKINSHORTCUTS[multiWidgets] + [SubString(Skin.String(HomeLayout),ver) | SubString(Skin.String(HomeLayout),netflix)]] + Skin.String(widgetvalue-$SKINSHORTCUTS[submenuid],3)]" />
                <param name="multiRows" value="$SKINSHORTCUTS[multiRows] + SubString(Skin.String(HomeLayout),ver)" />
            </include>
            
            <!-- widget 5 -->
            <include name="widget_header_multi" content="widget_header_multi" condition="!Skin.String(HomeLayout,win10) + $SKINSHORTCUTS[multiWidgets] + [SubString(Skin.String(HomeLayout),ver) | SubString(Skin.String(HomeLayout),netflix)] + $PYTHON['true' if widgetPath5 else 'false']">
                <param name="widgetid" value="$SKINSHORTCUTS[id]550" />
                <param name="submenuid" value="$SKINSHORTCUTS[submenuid]" />
                <param name="widgetName" value="$SKINSHORTCUTS[widgetName5]" />
            </include>
            <include name="widget_base" content="widget_base" condition="$PYTHON['true' if widgetPath5 else 'false']">
                <param name="containerType" value="$PYTHON['fixedlist' if widgetStyle5 in 'details' else 'panel']" />
                <param name="contentStyle" value="$SKINSHORTCUTS[contentStyle5]" />
                <param name="widgetid" value="$SKINSHORTCUTS[id]550" />
                <param name="widgetName" value="$SKINSHORTCUTS[widgetName5]" />
                <param name="submenuid" value="$SKINSHORTCUTS[submenuid]" />
                <param name="widgetTags" value="$SKINSHORTCUTS[widgetTags5]" />
                <param name="widgetTarget" value="$SKINSHORTCUTS[widgetTarget5]" />
                <param name="widgetPath" value="$SKINSHORTCUTS[widgetPath5]" />
                <param name="widgetStyle" value="widget_layout_$SKINSHORTCUTS[widgetStyle5]" />
                <param name="widgetInfoPanel" value="$SKINSHORTCUTS[widgetInfoPanel5]" />
                <param name="visibility" value="Skin.String(HomeLayout,win10) | [$SKINSHORTCUTS[multiWidgets] + [SubString(Skin.String(HomeLayout),ver) | SubString(Skin.String(HomeLayout),netflix)]] | [![$SKINSHORTCUTS[multiWidgets] + [SubString(Skin.String(HomeLayout),ver) | SubString(Skin.String(HomeLayout),netflix)]] + Skin.String(widgetvalue-$SKINSHORTCUTS[submenuid],4)]" />
                <param name="multiRows" value="$SKINSHORTCUTS[multiRows] + SubString(Skin.String(HomeLayout),ver)" />
            </include>
            
            <!-- widget 6 -->
            <include name="widget_header_multi" content="widget_header_multi" condition="!Skin.String(HomeLayout,win10) + $SKINSHORTCUTS[multiWidgets] + [SubString(Skin.String(HomeLayout),ver) | SubString(Skin.String(HomeLayout),netflix)] + $PYTHON['true' if widgetPath5 else 'false']">
                <param name="widgetid" value="$SKINSHORTCUTS[id]560" />
                <param name="submenuid" value="$SKINSHORTCUTS[submenuid]" />
                <param name="widgetName" value="$SKINSHORTCUTS[widgetName6]" />
            </include>
            <include name="widget_base" content="widget_base" condition="$PYTHON['true' if widgetPath6 else 'false']">
                <param name="containerType" value="$PYTHON['fixedlist' if widgetStyle6 in 'details' else 'panel']" />
                <param name="contentStyle" value="$SKINSHORTCUTS[contentStyle6]" />
                <param name="widgetid" value="$SKINSHORTCUTS[id]560" />
                <param name="widgetName" value="$SKINSHORTCUTS[widgetName6]" />
                <param name="submenuid" value="$SKINSHORTCUTS[submenuid]" />
                <param name="widgetTags" value="$SKINSHORTCUTS[widgetTags6]" />
                <param name="widgetTarget" value="$SKINSHORTCUTS[widgetTarget6]" />
                <param name="widgetPath" value="$SKINSHORTCUTS[widgetPath6]" />
                <param name="widgetStyle" value="widget_layout_$SKINSHORTCUTS[widgetStyle6]" />
                <param name="widgetInfoPanel" value="$SKINSHORTCUTS[widgetInfoPanel6]" />
                <param name="visibility" value="Skin.String(HomeLayout,win10) | [$SKINSHORTCUTS[multiWidgets] + [SubString(Skin.String(HomeLayout),ver) | SubString(Skin.String(HomeLayout),netflix)]] | [![$SKINSHORTCUTS[multiWidgets] + [SubString(Skin.String(HomeLayout),ver) | SubString(Skin.String(HomeLayout),netflix)]] + Skin.String(widgetvalue-$SKINSHORTCUTS[submenuid],5)]" />
                <param name="multiRows" value="$SKINSHORTCUTS[multiRows] + SubString(Skin.String(HomeLayout),ver)" />
            </include>
            
            <!-- widget 7 -->
            <include name="widget_header_multi" content="widget_header_multi" condition="!Skin.String(HomeLayout,win10) + $SKINSHORTCUTS[multiWidgets] + [SubString(Skin.String(HomeLayout),ver) | SubString(Skin.String(HomeLayout),netflix)] + $PYTHON['true' if widgetPath5 else 'false']">
                <param name="widgetid" value="$SKINSHORTCUTS[id]570" />
                <param name="submenuid" value="$SKINSHORTCUTS[submenuid]" />
                <param name="widgetName" value="$SKINSHORTCUTS[widgetName7]" />
            </include>
            <include name="widget_base" content="widget_base" condition="$PYTHON['true' if widgetPath7 else 'false']">
                <param name="containerType" value="$PYTHON['fixedlist' if widgetStyle7 in 'details' else 'panel']" />
                <param name="contentStyle" value="$SKINSHORTCUTS[contentStyle7]" />
                <param name="widgetid" value="$SKINSHORTCUTS[id]570" />
                <param name="widgetName" value="$SKINSHORTCUTS[widgetName7]" />
                <param name="submenuid" value="$SKINSHORTCUTS[submenuid]" />
                <param name="widgetTags" value="$SKINSHORTCUTS[widgetTags7]" />
                <param name="widgetTarget" value="$SKINSHORTCUTS[widgetTarget7]" />
                <param name="widgetPath" value="$SKINSHORTCUTS[widgetPath7]" />
                <param name="widgetStyle" value="widget_layout_$SKINSHORTCUTS[widgetStyle7]" />
                <param name="widgetInfoPanel" value="$SKINSHORTCUTS[widgetInfoPanel7]" />
                <param name="visibility" value="Skin.String(HomeLayout,win10) | [$SKINSHORTCUTS[multiWidgets] + [SubString(Skin.String(HomeLayout),ver) | SubString(Skin.String(HomeLayout),netflix)]] | [![$SKINSHORTCUTS[multiWidgets] + [SubString(Skin.String(HomeLayout),ver) | SubString(Skin.String(HomeLayout),netflix)]] + Skin.String(widgetvalue-$SKINSHORTCUTS[submenuid],6)]" />
                <param name="multiRows" value="$SKINSHORTCUTS[multiRows] + SubString(Skin.String(HomeLayout),ver)" />
            </include>
            
            <!-- widget 8 -->
            <include name="widget_header_multi" content="widget_header_multi" condition="!Skin.String(HomeLayout,win10) + $SKINSHORTCUTS[multiWidgets] + [SubString(Skin.String(HomeLayout),ver) | SubString(Skin.String(HomeLayout),netflix)] + $PYTHON['true' if widgetPath5 else 'false']">
                <param name="widgetid" value="$SKINSHORTCUTS[id]580" />
                <param name="submenuid" value="$SKINSHORTCUTS[submenuid]" />
                <param name="widgetName" value="$SKINSHORTCUTS[widgetName8]" />
            </include>
            <include name="widget_base" content="widget_base" condition="$PYTHON['true' if widgetPath8 else 'false']">
                <param name="containerType" value="$PYTHON['fixedlist' if widgetStyle8 in 'details' else 'panel']" />
                <param name="contentStyle" value="$SKINSHORTCUTS[contentStyle8]" />
                <param name="widgetid" value="$SKINSHORTCUTS[id]580" />
                <param name="widgetName" value="$SKINSHORTCUTS[widgetName8]" />
                <param name="submenuid" value="$SKINSHORTCUTS[submenuid]" />
                <param name="widgetTags" value="$SKINSHORTCUTS[widgetTags8]" />
                <param name="widgetTarget" value="$SKINSHORTCUTS[widgetTarget8]" />
                <param name="widgetPath" value="$SKINSHORTCUTS[widgetPath8]" />
                <param name="widgetStyle" value="widget_layout_$SKINSHORTCUTS[widgetStyle8]" />
                <param name="widgetInfoPanel" value="$SKINSHORTCUTS[widgetInfoPanel8]" />
                <param name="visibility" value="Skin.String(HomeLayout,win10) | [$SKINSHORTCUTS[multiWidgets] + [SubString(Skin.String(HomeLayout),ver) | SubString(Skin.String(HomeLayout),netflix)]] | [![$SKINSHORTCUTS[multiWidgets] + [SubString(Skin.String(HomeLayout),ver) | SubString(Skin.String(HomeLayout),netflix)]] + Skin.String(widgetvalue-$SKINSHORTCUTS[submenuid],7)]" />
                <param name="multiRows" value="$SKINSHORTCUTS[multiRows] + SubString(Skin.String(HomeLayout),ver)" />
            </include>
        
        </controls>
        <variables>
            
            <variable name="$SKINSHORTCUTS[id]510-refresh">
                <value condition="!IsEmpty(Window(Home).property(skinhelper-refreshvideowidgetsbusy))">special://skin/extras/emptywidget.xsp</value>
                <value condition="!IsEmpty(Window(Home).property(favwidgetrefresh))">special://skin/extras/emptywidget.xsp</value>
                <value condition="window.isactive(fullscreenvideo)">special://skin/extras/emptywidget.xsp</value>
                <value>$SKINSHORTCUTS[widgetPath1]</value>
            </variable>
            <variable name="widgetinfolabel-$SKINSHORTCUTS[id]510">
                <value condition="StringCompare(Container($SKINSHORTCUTS[id]510).ListItem.Property(DBTYPE), systeminfo)">$INFO[Container($SKINSHORTCUTS[id]510).ListItem.label] $INFO[Container($SKINSHORTCUTS[id]510).ListItem.label2]</value>
                <value condition="!IsEmpty(Container($SKINSHORTCUTS[id]510).ListItem.Title) + SubString(Container($SKINSHORTCUTS[id]510).ListItem.FolderPath, pvr://)">$INFO[Container($SKINSHORTCUTS[id]510).ListItem.Title]</value>
                <value condition="!IsEmpty(Container($SKINSHORTCUTS[id]510).ListItem.Season) + !IsEmpty(Container($SKINSHORTCUTS[id]510).ListItem.Episode) + !StringCompare(Container($SKINSHORTCUTS[id]510).ListItem.TvShowTitle,Container($SKINSHORTCUTS[id]510).ListItem.Title)">[UPPERCASE]S$INFO[Container($SKINSHORTCUTS[id]510).ListItem.Season]E$INFO[Container($SKINSHORTCUTS[id]510).ListItem.Episode]:[/UPPERCASE] $INFO[Container($SKINSHORTCUTS[id]510).ListItem.Title]</value>
                <value condition="!IsEmpty(Container($SKINSHORTCUTS[id]510).ListItem.Title)">$INFO[Container($SKINSHORTCUTS[id]510).ListItem.Title]</value>
                <value condition="!IsEmpty(Container($SKINSHORTCUTS[id]510).ListItem.Label)">$INFO[Container($SKINSHORTCUTS[id]510).ListItem.Label]</value>
            </variable>
            <variable name="widgetsubtitle-$SKINSHORTCUTS[id]510">
                <value condition="!IsEmpty(Container($SKINSHORTCUTS[id]510).ListItem.TvShowTitle) + !IsEmpty(Container($SKINSHORTCUTS[id]510).ListItem.Genre)">$INFO[Container($SKINSHORTCUTS[id]510).ListItem.TvShowTitle,, • ]$INFO[Container($SKINSHORTCUTS[id]510).ListItem.Year,, • ]$INFO[Container($SKINSHORTCUTS[id]510).ListItem.Genre]</value>
                <value condition="!IsEmpty(Container($SKINSHORTCUTS[id]510).ListItem.TvShowTitle)">$INFO[Container($SKINSHORTCUTS[id]510).ListItem.TvShowTitle,, • ]$INFO[Container($SKINSHORTCUTS[id]510).ListItem.Premiered,, • ]$INFO[Container($SKINSHORTCUTS[id]510).ListItem.Duration,,min.]</value>
                <value condition="!IsEmpty(Container($SKINSHORTCUTS[id]510).ListItem.Year)">$INFO[Container($SKINSHORTCUTS[id]510).ListItem.Year,, • ]$INFO[Container($SKINSHORTCUTS[id]510).ListItem.Duration,,min. • ]$INFO[Container($SKINSHORTCUTS[id]510).ListItem.Genre]</value>
                <value condition="!IsEmpty(Container($SKINSHORTCUTS[id]510).ListItem.Artist) + !IsEmpty(Container($SKINSHORTCUTS[id]510).ListItem.Album)">$INFO[Container($SKINSHORTCUTS[id]510).ListItem.Artist,, • ]$INFO[Container($SKINSHORTCUTS[id]510).ListItem.Album,, • ]$INFO[Container($SKINSHORTCUTS[id]510).ListItem.Duration]</value>
                <value condition="!IsEmpty(Container($SKINSHORTCUTS[id]510).ListItem.Property(StartTime))">$INFO[Container($SKINSHORTCUTS[id]510).ListItem.Property(ChannelName),, • ]$INFO[Container($SKINSHORTCUTS[id]510).ListItem.Property(StartTime),, - ]$INFO[Container($SKINSHORTCUTS[id]510).ListItem.Property(EndTime),, • ]$INFO[Container($SKINSHORTCUTS[id]510).ListItem.Genre]</value>
                <value condition="!IsEmpty(Container($SKINSHORTCUTS[id]510).ListItem.StartTime)">$INFO[Container($SKINSHORTCUTS[id]510).ListItem.ChannelName,, • ]$INFO[Container($SKINSHORTCUTS[id]510).ListItem.StartTime,, - ]$INFO[Container($SKINSHORTCUTS[id]510).ListItem.EndTime,, • ]$INFO[Container($SKINSHORTCUTS[id]510).ListItem.Genre]</value>
            </variable>
            
            
            <variable name="$SKINSHORTCUTS[id]520-refresh">
                <value condition="!IsEmpty(Window(Home).property(skinhelper-refreshvideowidgetsbusy))">special://skin/extras/emptywidget.xsp</value>
                <value condition="!IsEmpty(Window(Home).property(favwidgetrefresh))">special://skin/extras/emptywidget.xsp</value>
                <value condition="window.isactive(fullscreenvideo)">special://skin/extras/emptywidget.xsp</value>
                <value>$SKINSHORTCUTS[widgetPath2]</value>
            </variable>
            <variable name="widgetinfolabel-$SKINSHORTCUTS[id]520">
                <value condition="StringCompare(Container($SKINSHORTCUTS[id]520).ListItem.Property(DBTYPE), systeminfo)">$INFO[Container($SKINSHORTCUTS[id]520).ListItem.label] $INFO[Container($SKINSHORTCUTS[id]520).ListItem.label2]</value>
                <value condition="!IsEmpty(Container($SKINSHORTCUTS[id]520).ListItem.Title) + SubString(Container($SKINSHORTCUTS[id]520).ListItem.FolderPath, pvr://)">$INFO[Container($SKINSHORTCUTS[id]520).ListItem.Title]</value>
                <value condition="!IsEmpty(Container($SKINSHORTCUTS[id]520).ListItem.Season) + !IsEmpty(Container($SKINSHORTCUTS[id]520).ListItem.Episode) + !StringCompare(Container($SKINSHORTCUTS[id]520).ListItem.TvShowTitle,Container($SKINSHORTCUTS[id]520).ListItem.Title)">[UPPERCASE]S$INFO[Container($SKINSHORTCUTS[id]520).ListItem.Season]E$INFO[Container($SKINSHORTCUTS[id]520).ListItem.Episode]:[/UPPERCASE] $INFO[Container($SKINSHORTCUTS[id]520).ListItem.Title]</value>
                <value condition="!IsEmpty(Container($SKINSHORTCUTS[id]520).ListItem.Title)">$INFO[Container($SKINSHORTCUTS[id]520).ListItem.Title]</value>
                <value condition="!IsEmpty(Container($SKINSHORTCUTS[id]520).ListItem.Label)">$INFO[Container($SKINSHORTCUTS[id]520).ListItem.Label]</value>
            </variable>
            <variable name="widgetsubtitle-$SKINSHORTCUTS[id]520">
                <value condition="!IsEmpty(Container($SKINSHORTCUTS[id]520).ListItem.TvShowTitle) + !IsEmpty(Container($SKINSHORTCUTS[id]520).ListItem.Genre)">$INFO[Container($SKINSHORTCUTS[id]520).ListItem.TvShowTitle,, • ]$INFO[Container($SKINSHORTCUTS[id]520).ListItem.Year,, • ]$INFO[Container($SKINSHORTCUTS[id]520).ListItem.Genre]</value>
                <value condition="!IsEmpty(Container($SKINSHORTCUTS[id]520).ListItem.TvShowTitle)">$INFO[Container($SKINSHORTCUTS[id]520).ListItem.TvShowTitle,, • ]$INFO[Container($SKINSHORTCUTS[id]520).ListItem.Premiered,, • ]$INFO[Container($SKINSHORTCUTS[id]520).ListItem.Duration,,min.]</value>
                <value condition="!IsEmpty(Container($SKINSHORTCUTS[id]520).ListItem.Year)">$INFO[Container($SKINSHORTCUTS[id]520).ListItem.Year,, • ]$INFO[Container($SKINSHORTCUTS[id]520).ListItem.Duration,,min. • ]$INFO[Container($SKINSHORTCUTS[id]520).ListItem.Genre]</value>
                <value condition="!IsEmpty(Container($SKINSHORTCUTS[id]520).ListItem.Artist) + !IsEmpty(Container($SKINSHORTCUTS[id]520).ListItem.Album)">$INFO[Container($SKINSHORTCUTS[id]520).ListItem.Artist,, • ]$INFO[Container($SKINSHORTCUTS[id]520).ListItem.Album,, • ]$INFO[Container($SKINSHORTCUTS[id]520).ListItem.Duration]</value>
                <value condition="!IsEmpty(Container($SKINSHORTCUTS[id]520).ListItem.Property(StartTime))">$INFO[Container($SKINSHORTCUTS[id]520).ListItem.Property(ChannelName),, • ]$INFO[Container($SKINSHORTCUTS[id]520).ListItem.Property(StartTime),, - ]$INFO[Container($SKINSHORTCUTS[id]520).ListItem.Property(EndTime),, • ]$INFO[Container($SKINSHORTCUTS[id]520).ListItem.Genre]</value>
                <value condition="!IsEmpty(Container($SKINSHORTCUTS[id]520).ListItem.StartTime)">$INFO[Container($SKINSHORTCUTS[id]520).ListItem.ChannelName,, • ]$INFO[Container($SKINSHORTCUTS[id]520).ListItem.StartTime,, - ]$INFO[Container($SKINSHORTCUTS[id]520).ListItem.EndTime,, • ]$INFO[Container($SKINSHORTCUTS[id]520).ListItem.Genre]</value>
            </variable>
            
            
            <variable name="$SKINSHORTCUTS[id]530-refresh">
                <value condition="!IsEmpty(Window(Home).property(skinhelper-refreshvideowidgetsbusy))">special://skin/extras/emptywidget.xsp</value>
                <value condition="!IsEmpty(Window(Home).property(favwidgetrefresh))">special://skin/extras/emptywidget.xsp</value>
                <value condition="window.isactive(fullscreenvideo)">special://skin/extras/emptywidget.xsp</value>
                <value>$SKINSHORTCUTS[widgetPath3]</value>
            </variable>
            <variable name="widgetinfolabel-$SKINSHORTCUTS[id]530">
                <value condition="StringCompare(Container($SKINSHORTCUTS[id]530).ListItem.Property(DBTYPE), systeminfo)">$INFO[Container($SKINSHORTCUTS[id]530).ListItem.label] $INFO[Container($SKINSHORTCUTS[id]530).ListItem.label2]</value>
                <value condition="!IsEmpty(Container($SKINSHORTCUTS[id]530).ListItem.Title) + SubString(Container($SKINSHORTCUTS[id]530).ListItem.FolderPath, pvr://)">$INFO[Container($SKINSHORTCUTS[id]530).ListItem.Title]</value>
                <value condition="!IsEmpty(Container($SKINSHORTCUTS[id]530).ListItem.Season) + !IsEmpty(Container($SKINSHORTCUTS[id]530).ListItem.Episode) + !StringCompare(Container($SKINSHORTCUTS[id]530).ListItem.TvShowTitle,Container($SKINSHORTCUTS[id]530).ListItem.Title)">[UPPERCASE]S$INFO[Container($SKINSHORTCUTS[id]530).ListItem.Season]E$INFO[Container($SKINSHORTCUTS[id]530).ListItem.Episode]:[/UPPERCASE] $INFO[Container($SKINSHORTCUTS[id]530).ListItem.Title]</value>
                <value condition="!IsEmpty(Container($SKINSHORTCUTS[id]530).ListItem.Title)">$INFO[Container($SKINSHORTCUTS[id]530).ListItem.Title]</value>
                <value condition="!IsEmpty(Container($SKINSHORTCUTS[id]530).ListItem.Label)">$INFO[Container($SKINSHORTCUTS[id]530).ListItem.Label]</value>
            </variable>
            <variable name="widgetsubtitle-$SKINSHORTCUTS[id]530">
                <value condition="!IsEmpty(Container($SKINSHORTCUTS[id]530).ListItem.TvShowTitle) + !IsEmpty(Container($SKINSHORTCUTS[id]530).ListItem.Genre)">$INFO[Container($SKINSHORTCUTS[id]530).ListItem.TvShowTitle,, • ]$INFO[Container($SKINSHORTCUTS[id]530).ListItem.Year,, • ]$INFO[Container($SKINSHORTCUTS[id]530).ListItem.Genre]</value>
                <value condition="!IsEmpty(Container($SKINSHORTCUTS[id]530).ListItem.TvShowTitle)">$INFO[Container($SKINSHORTCUTS[id]530).ListItem.TvShowTitle,, • ]$INFO[Container($SKINSHORTCUTS[id]530).ListItem.Premiered,, • ]$INFO[Container($SKINSHORTCUTS[id]530).ListItem.Duration,,min.]</value>
                <value condition="!IsEmpty(Container($SKINSHORTCUTS[id]530).ListItem.Year)">$INFO[Container($SKINSHORTCUTS[id]530).ListItem.Year,, • ]$INFO[Container($SKINSHORTCUTS[id]530).ListItem.Duration,,min. • ]$INFO[Container($SKINSHORTCUTS[id]530).ListItem.Genre]</value>
                <value condition="!IsEmpty(Container($SKINSHORTCUTS[id]530).ListItem.Artist) + !IsEmpty(Container($SKINSHORTCUTS[id]530).ListItem.Album)">$INFO[Container($SKINSHORTCUTS[id]530).ListItem.Artist,, • ]$INFO[Container($SKINSHORTCUTS[id]530).ListItem.Album,, • ]$INFO[Container($SKINSHORTCUTS[id]530).ListItem.Duration]</value>
                <value condition="!IsEmpty(Container($SKINSHORTCUTS[id]530).ListItem.Property(StartTime))">$INFO[Container($SKINSHORTCUTS[id]530).ListItem.Property(ChannelName),, • ]$INFO[Container($SKINSHORTCUTS[id]530).ListItem.Property(StartTime),, - ]$INFO[Container($SKINSHORTCUTS[id]530).ListItem.Property(EndTime),, • ]$INFO[Container($SKINSHORTCUTS[id]530).ListItem.Genre]</value>
                <value condition="!IsEmpty(Container($SKINSHORTCUTS[id]530).ListItem.StartTime)">$INFO[Container($SKINSHORTCUTS[id]530).ListItem.ChannelName,, • ]$INFO[Container($SKINSHORTCUTS[id]530).ListItem.StartTime,, - ]$INFO[Container($SKINSHORTCUTS[id]530).ListItem.EndTime,, • ]$INFO[Container($SKINSHORTCUTS[id]530).ListItem.Genre]</value>
            </variable>
            
            <variable name="$SKINSHORTCUTS[id]540-refresh">
                <value condition="!IsEmpty(Window(Home).property(skinhelper-refreshvideowidgetsbusy))">special://skin/extras/emptywidget.xsp</value>
                <value condition="!IsEmpty(Window(Home).property(favwidgetrefresh))">special://skin/extras/emptywidget.xsp</value>
                <value condition="window.isactive(fullscreenvideo)">special://skin/extras/emptywidget.xsp</value>
                <value>$SKINSHORTCUTS[widgetPath4]</value>
            </variable>
            <variable name="widgetinfolabel-$SKINSHORTCUTS[id]540">
                <value condition="StringCompare(Container($SKINSHORTCUTS[id]540).ListItem.Property(DBTYPE), systeminfo)">$INFO[Container($SKINSHORTCUTS[id]540).ListItem.label] $INFO[Container($SKINSHORTCUTS[id]540).ListItem.label2]</value>
                <value condition="!IsEmpty(Container($SKINSHORTCUTS[id]540).ListItem.Title) + SubString(Container($SKINSHORTCUTS[id]540).ListItem.FolderPath, pvr://)">$INFO[Container($SKINSHORTCUTS[id]540).ListItem.Title]</value>
                <value condition="!IsEmpty(Container($SKINSHORTCUTS[id]540).ListItem.Season) + !IsEmpty(Container($SKINSHORTCUTS[id]540).ListItem.Episode) + !StringCompare(Container($SKINSHORTCUTS[id]540).ListItem.TvShowTitle,Container($SKINSHORTCUTS[id]540).ListItem.Title)">[UPPERCASE]S$INFO[Container($SKINSHORTCUTS[id]540).ListItem.Season]E$INFO[Container($SKINSHORTCUTS[id]540).ListItem.Episode]:[/UPPERCASE] $INFO[Container($SKINSHORTCUTS[id]540).ListItem.Title]</value>
                <value condition="!IsEmpty(Container($SKINSHORTCUTS[id]540).ListItem.Title)">$INFO[Container($SKINSHORTCUTS[id]540).ListItem.Title]</value>
                <value condition="!IsEmpty(Container($SKINSHORTCUTS[id]540).ListItem.Label)">$INFO[Container($SKINSHORTCUTS[id]540).ListItem.Label]</value>
            </variable>
            <variable name="widgetsubtitle-$SKINSHORTCUTS[id]540">
                <value condition="!IsEmpty(Container($SKINSHORTCUTS[id]540).ListItem.TvShowTitle) + !IsEmpty(Container($SKINSHORTCUTS[id]540).ListItem.Genre)">$INFO[Container($SKINSHORTCUTS[id]540).ListItem.TvShowTitle,, • ]$INFO[Container($SKINSHORTCUTS[id]540).ListItem.Year,, • ]$INFO[Container($SKINSHORTCUTS[id]540).ListItem.Genre]</value>
                <value condition="!IsEmpty(Container($SKINSHORTCUTS[id]540).ListItem.TvShowTitle)">$INFO[Container($SKINSHORTCUTS[id]540).ListItem.TvShowTitle,, • ]$INFO[Container($SKINSHORTCUTS[id]540).ListItem.Premiered,, • ]$INFO[Container($SKINSHORTCUTS[id]540).ListItem.Duration,,min.]</value>
                <value condition="!IsEmpty(Container($SKINSHORTCUTS[id]540).ListItem.Year)">$INFO[Container($SKINSHORTCUTS[id]540).ListItem.Year,, • ]$INFO[Container($SKINSHORTCUTS[id]540).ListItem.Duration,,min. • ]$INFO[Container($SKINSHORTCUTS[id]540).ListItem.Genre]</value>
                <value condition="!IsEmpty(Container($SKINSHORTCUTS[id]540).ListItem.Artist) + !IsEmpty(Container($SKINSHORTCUTS[id]540).ListItem.Album)">$INFO[Container($SKINSHORTCUTS[id]540).ListItem.Artist,, • ]$INFO[Container($SKINSHORTCUTS[id]540).ListItem.Album,, • ]$INFO[Container($SKINSHORTCUTS[id]540).ListItem.Duration]</value>
                <value condition="!IsEmpty(Container($SKINSHORTCUTS[id]540).ListItem.Property(StartTime))">$INFO[Container($SKINSHORTCUTS[id]540).ListItem.Property(ChannelName),, • ]$INFO[Container($SKINSHORTCUTS[id]540).ListItem.Property(StartTime),, - ]$INFO[Container($SKINSHORTCUTS[id]540).ListItem.Property(EndTime),, • ]$INFO[Container($SKINSHORTCUTS[id]540).ListItem.Genre]</value>
                <value condition="!IsEmpty(Container($SKINSHORTCUTS[id]540).ListItem.StartTime)">$INFO[Container($SKINSHORTCUTS[id]540).ListItem.ChannelName,, • ]$INFO[Container($SKINSHORTCUTS[id]540).ListItem.StartTime,, - ]$INFO[Container($SKINSHORTCUTS[id]540).ListItem.EndTime,, • ]$INFO[Container($SKINSHORTCUTS[id]540).ListItem.Genre]</value>
            </variable>
            
            <variable name="$SKINSHORTCUTS[id]550-refresh">
                <value condition="!IsEmpty(Window(Home).property(skinhelper-refreshvideowidgetsbusy))">special://skin/extras/emptywidget.xsp</value>
                <value condition="!IsEmpty(Window(Home).property(favwidgetrefresh))">special://skin/extras/emptywidget.xsp</value>
                <value condition="window.isactive(fullscreenvideo)">special://skin/extras/emptywidget.xsp</value>
                <value>$SKINSHORTCUTS[widgetPath5]</value>
            </variable>
            <variable name="widgetinfolabel-$SKINSHORTCUTS[id]550">
                <value condition="StringCompare(Container($SKINSHORTCUTS[id]550).ListItem.Property(DBTYPE), systeminfo)">$INFO[Container($SKINSHORTCUTS[id]550).ListItem.label] $INFO[Container($SKINSHORTCUTS[id]550).ListItem.label2]</value>
                <value condition="!IsEmpty(Container($SKINSHORTCUTS[id]550).ListItem.Title) + SubString(Container($SKINSHORTCUTS[id]550).ListItem.FolderPath, pvr://)">$INFO[Container($SKINSHORTCUTS[id]550).ListItem.Title]</value>
                <value condition="!IsEmpty(Container($SKINSHORTCUTS[id]550).ListItem.Season) + !IsEmpty(Container($SKINSHORTCUTS[id]550).ListItem.Episode) + !StringCompare(Container($SKINSHORTCUTS[id]550).ListItem.TvShowTitle,Container($SKINSHORTCUTS[id]550).ListItem.Title)">[UPPERCASE]S$INFO[Container($SKINSHORTCUTS[id]550).ListItem.Season]E$INFO[Container($SKINSHORTCUTS[id]550).ListItem.Episode]:[/UPPERCASE] $INFO[Container($SKINSHORTCUTS[id]550).ListItem.Title]</value>
                <value condition="!IsEmpty(Container($SKINSHORTCUTS[id]550).ListItem.Title)">$INFO[Container($SKINSHORTCUTS[id]550).ListItem.Title]</value>
                <value condition="!IsEmpty(Container($SKINSHORTCUTS[id]550).ListItem.Label)">$INFO[Container($SKINSHORTCUTS[id]550).ListItem.Label]</value>
            </variable>
            <variable name="widgetsubtitle-$SKINSHORTCUTS[id]550">
                <value condition="!IsEmpty(Container($SKINSHORTCUTS[id]550).ListItem.TvShowTitle) + !IsEmpty(Container($SKINSHORTCUTS[id]550).ListItem.Genre)">$INFO[Container($SKINSHORTCUTS[id]550).ListItem.TvShowTitle,, • ]$INFO[Container($SKINSHORTCUTS[id]550).ListItem.Year,, • ]$INFO[Container($SKINSHORTCUTS[id]550).ListItem.Genre]</value>
                <value condition="!IsEmpty(Container($SKINSHORTCUTS[id]550).ListItem.TvShowTitle)">$INFO[Container($SKINSHORTCUTS[id]550).ListItem.TvShowTitle,, • ]$INFO[Container($SKINSHORTCUTS[id]550).ListItem.Premiered,, • ]$INFO[Container($SKINSHORTCUTS[id]550).ListItem.Duration,,min.]</value>
                <value condition="!IsEmpty(Container($SKINSHORTCUTS[id]550).ListItem.Year)">$INFO[Container($SKINSHORTCUTS[id]550).ListItem.Year,, • ]$INFO[Container($SKINSHORTCUTS[id]550).ListItem.Duration,,min. • ]$INFO[Container($SKINSHORTCUTS[id]550).ListItem.Genre]</value>
                <value condition="!IsEmpty(Container($SKINSHORTCUTS[id]550).ListItem.Artist) + !IsEmpty(Container($SKINSHORTCUTS[id]550).ListItem.Album)">$INFO[Container($SKINSHORTCUTS[id]550).ListItem.Artist,, • ]$INFO[Container($SKINSHORTCUTS[id]550).ListItem.Album,, • ]$INFO[Container($SKINSHORTCUTS[id]550).ListItem.Duration]</value>
                <value condition="!IsEmpty(Container($SKINSHORTCUTS[id]550).ListItem.Property(StartTime))">$INFO[Container($SKINSHORTCUTS[id]550).ListItem.Property(ChannelName),, • ]$INFO[Container($SKINSHORTCUTS[id]550).ListItem.Property(StartTime),, - ]$INFO[Container($SKINSHORTCUTS[id]550).ListItem.Property(EndTime),, • ]$INFO[Container($SKINSHORTCUTS[id]550).ListItem.Genre]</value>
                <value condition="!IsEmpty(Container($SKINSHORTCUTS[id]550).ListItem.StartTime)">$INFO[Container($SKINSHORTCUTS[id]550).ListItem.ChannelName,, • ]$INFO[Container($SKINSHORTCUTS[id]550).ListItem.StartTime,, - ]$INFO[Container($SKINSHORTCUTS[id]550).ListItem.EndTime,, • ]$INFO[Container($SKINSHORTCUTS[id]550).ListItem.Genre]</value>
            </variable>
            
            <variable name="$SKINSHORTCUTS[id]560-refresh">
                <value condition="!IsEmpty(Window(Home).property(skinhelper-refreshvideowidgetsbusy))">special://skin/extras/emptywidget.xsp</value>
                <value condition="!IsEmpty(Window(Home).property(favwidgetrefresh))">special://skin/extras/emptywidget.xsp</value>
                <value condition="window.isactive(fullscreenvideo)">special://skin/extras/emptywidget.xsp</value>
                <value>$SKINSHORTCUTS[widgetPath6]</value>
            </variable>
            <variable name="widgetinfolabel-$SKINSHORTCUTS[id]560">
                <value condition="StringCompare(Container($SKINSHORTCUTS[id]560).ListItem.Property(DBTYPE), systeminfo)">$INFO[Container($SKINSHORTCUTS[id]560).ListItem.label] $INFO[Container($SKINSHORTCUTS[id]560).ListItem.label2]</value>
                <value condition="!IsEmpty(Container($SKINSHORTCUTS[id]560).ListItem.Title) + SubString(Container($SKINSHORTCUTS[id]560).ListItem.FolderPath, pvr://)">$INFO[Container($SKINSHORTCUTS[id]560).ListItem.Title]</value>
                <value condition="!IsEmpty(Container($SKINSHORTCUTS[id]560).ListItem.Season) + !IsEmpty(Container($SKINSHORTCUTS[id]560).ListItem.Episode) + !StringCompare(Container($SKINSHORTCUTS[id]560).ListItem.TvShowTitle,Container($SKINSHORTCUTS[id]560).ListItem.Title)">[UPPERCASE]S$INFO[Container($SKINSHORTCUTS[id]560).ListItem.Season]E$INFO[Container($SKINSHORTCUTS[id]560).ListItem.Episode]:[/UPPERCASE] $INFO[Container($SKINSHORTCUTS[id]560).ListItem.Title]</value>
                <value condition="!IsEmpty(Container($SKINSHORTCUTS[id]560).ListItem.Title)">$INFO[Container($SKINSHORTCUTS[id]560).ListItem.Title]</value>
                <value condition="!IsEmpty(Container($SKINSHORTCUTS[id]560).ListItem.Label)">$INFO[Container($SKINSHORTCUTS[id]560).ListItem.Label]</value>
            </variable>
            <variable name="widgetsubtitle-$SKINSHORTCUTS[id]560">
                <value condition="!IsEmpty(Container($SKINSHORTCUTS[id]560).ListItem.TvShowTitle) + !IsEmpty(Container($SKINSHORTCUTS[id]560).ListItem.Genre)">$INFO[Container($SKINSHORTCUTS[id]560).ListItem.TvShowTitle,, • ]$INFO[Container($SKINSHORTCUTS[id]560).ListItem.Year,, • ]$INFO[Container($SKINSHORTCUTS[id]560).ListItem.Genre]</value>
                <value condition="!IsEmpty(Container($SKINSHORTCUTS[id]560).ListItem.TvShowTitle)">$INFO[Container($SKINSHORTCUTS[id]560).ListItem.TvShowTitle,, • ]$INFO[Container($SKINSHORTCUTS[id]560).ListItem.Premiered,, • ]$INFO[Container($SKINSHORTCUTS[id]560).ListItem.Duration,,min.]</value>
                <value condition="!IsEmpty(Container($SKINSHORTCUTS[id]560).ListItem.Year)">$INFO[Container($SKINSHORTCUTS[id]560).ListItem.Year,, • ]$INFO[Container($SKINSHORTCUTS[id]560).ListItem.Duration,,min. • ]$INFO[Container($SKINSHORTCUTS[id]560).ListItem.Genre]</value>
                <value condition="!IsEmpty(Container($SKINSHORTCUTS[id]560).ListItem.Artist) + !IsEmpty(Container($SKINSHORTCUTS[id]560).ListItem.Album)">$INFO[Container($SKINSHORTCUTS[id]560).ListItem.Artist,, • ]$INFO[Container($SKINSHORTCUTS[id]560).ListItem.Album,, • ]$INFO[Container($SKINSHORTCUTS[id]560).ListItem.Duration]</value>
                <value condition="!IsEmpty(Container($SKINSHORTCUTS[id]560).ListItem.Property(StartTime))">$INFO[Container($SKINSHORTCUTS[id]560).ListItem.Property(ChannelName),, • ]$INFO[Container($SKINSHORTCUTS[id]560).ListItem.Property(StartTime),, - ]$INFO[Container($SKINSHORTCUTS[id]560).ListItem.Property(EndTime),, • ]$INFO[Container($SKINSHORTCUTS[id]560).ListItem.Genre]</value>
                <value condition="!IsEmpty(Container($SKINSHORTCUTS[id]560).ListItem.StartTime)">$INFO[Container($SKINSHORTCUTS[id]560).ListItem.ChannelName,, • ]$INFO[Container($SKINSHORTCUTS[id]560).ListItem.StartTime,, - ]$INFO[Container($SKINSHORTCUTS[id]560).ListItem.EndTime,, • ]$INFO[Container($SKINSHORTCUTS[id]560).ListItem.Genre]</value>
            </variable>
            
            <variable name="$SKINSHORTCUTS[id]570-refresh">
                <value condition="!IsEmpty(Window(Home).property(skinhelper-refreshvideowidgetsbusy))">special://skin/extras/emptywidget.xsp</value>
                <value condition="!IsEmpty(Window(Home).property(favwidgetrefresh))">special://skin/extras/emptywidget.xsp</value>
                <value condition="window.isactive(fullscreenvideo)">special://skin/extras/emptywidget.xsp</value>
                <value>$SKINSHORTCUTS[widgetPath7]</value>
            </variable>
            <variable name="widgetinfolabel-$SKINSHORTCUTS[id]570">
                <value condition="StringCompare(Container($SKINSHORTCUTS[id]570).ListItem.Property(DBTYPE), systeminfo)">$INFO[Container($SKINSHORTCUTS[id]570).ListItem.label] $INFO[Container($SKINSHORTCUTS[id]570).ListItem.label2]</value>
                <value condition="!IsEmpty(Container($SKINSHORTCUTS[id]570).ListItem.Title) + SubString(Container($SKINSHORTCUTS[id]570).ListItem.FolderPath, pvr://)">$INFO[Container($SKINSHORTCUTS[id]570).ListItem.Title]</value>
                <value condition="!IsEmpty(Container($SKINSHORTCUTS[id]570).ListItem.Season) + !IsEmpty(Container($SKINSHORTCUTS[id]570).ListItem.Episode) + !StringCompare(Container($SKINSHORTCUTS[id]570).ListItem.TvShowTitle,Container($SKINSHORTCUTS[id]570).ListItem.Title)">[UPPERCASE]S$INFO[Container($SKINSHORTCUTS[id]570).ListItem.Season]E$INFO[Container($SKINSHORTCUTS[id]570).ListItem.Episode]:[/UPPERCASE] $INFO[Container($SKINSHORTCUTS[id]570).ListItem.Title]</value>
                <value condition="!IsEmpty(Container($SKINSHORTCUTS[id]570).ListItem.Title)">$INFO[Container($SKINSHORTCUTS[id]570).ListItem.Title]</value>
                <value condition="!IsEmpty(Container($SKINSHORTCUTS[id]570).ListItem.Label)">$INFO[Container($SKINSHORTCUTS[id]570).ListItem.Label]</value>
            </variable>
            <variable name="widgetsubtitle-$SKINSHORTCUTS[id]570">
                <value condition="!IsEmpty(Container($SKINSHORTCUTS[id]570).ListItem.TvShowTitle) + !IsEmpty(Container($SKINSHORTCUTS[id]570).ListItem.Genre)">$INFO[Container($SKINSHORTCUTS[id]570).ListItem.TvShowTitle,, • ]$INFO[Container($SKINSHORTCUTS[id]570).ListItem.Year,, • ]$INFO[Container($SKINSHORTCUTS[id]570).ListItem.Genre]</value>
                <value condition="!IsEmpty(Container($SKINSHORTCUTS[id]570).ListItem.TvShowTitle)">$INFO[Container($SKINSHORTCUTS[id]570).ListItem.TvShowTitle,, • ]$INFO[Container($SKINSHORTCUTS[id]570).ListItem.Premiered,, • ]$INFO[Container($SKINSHORTCUTS[id]570).ListItem.Duration,,min.]</value>
                <value condition="!IsEmpty(Container($SKINSHORTCUTS[id]570).ListItem.Year)">$INFO[Container($SKINSHORTCUTS[id]570).ListItem.Year,, • ]$INFO[Container($SKINSHORTCUTS[id]570).ListItem.Duration,,min. • ]$INFO[Container($SKINSHORTCUTS[id]570).ListItem.Genre]</value>
                <value condition="!IsEmpty(Container($SKINSHORTCUTS[id]570).ListItem.Artist) + !IsEmpty(Container($SKINSHORTCUTS[id]570).ListItem.Album)">$INFO[Container($SKINSHORTCUTS[id]570).ListItem.Artist,, • ]$INFO[Container($SKINSHORTCUTS[id]570).ListItem.Album,, • ]$INFO[Container($SKINSHORTCUTS[id]570).ListItem.Duration]</value>
                <value condition="!IsEmpty(Container($SKINSHORTCUTS[id]570).ListItem.Property(StartTime))">$INFO[Container($SKINSHORTCUTS[id]570).ListItem.Property(ChannelName),, • ]$INFO[Container($SKINSHORTCUTS[id]570).ListItem.Property(StartTime),, - ]$INFO[Container($SKINSHORTCUTS[id]570).ListItem.Property(EndTime),, • ]$INFO[Container($SKINSHORTCUTS[id]570).ListItem.Genre]</value>
                <value condition="!IsEmpty(Container($SKINSHORTCUTS[id]570).ListItem.StartTime)">$INFO[Container($SKINSHORTCUTS[id]570).ListItem.ChannelName,, • ]$INFO[Container($SKINSHORTCUTS[id]570).ListItem.StartTime,, - ]$INFO[Container($SKINSHORTCUTS[id]570).ListItem.EndTime,, • ]$INFO[Container($SKINSHORTCUTS[id]570).ListItem.Genre]</value>
            </variable>
            
            <variable name="$SKINSHORTCUTS[id]580-refresh">
                <value condition="!IsEmpty(Window(Home).property(skinhelper-refreshvideowidgetsbusy))">special://skin/extras/emptywidget.xsp</value>
                <value condition="!IsEmpty(Window(Home).property(favwidgetrefresh))">special://skin/extras/emptywidget.xsp</value>
                <value condition="window.isactive(fullscreenvideo)">special://skin/extras/emptywidget.xsp</value>
                <value>$SKINSHORTCUTS[widgetPath8]</value>
            </variable>
            <variable name="widgetinfolabel-$SKINSHORTCUTS[id]580">
                <value condition="StringCompare(Container($SKINSHORTCUTS[id]580).ListItem.Property(DBTYPE), systeminfo)">$INFO[Container($SKINSHORTCUTS[id]580).ListItem.label] $INFO[Container($SKINSHORTCUTS[id]580).ListItem.label2]</value>
                <value condition="!IsEmpty(Container($SKINSHORTCUTS[id]580).ListItem.Title) + SubString(Container($SKINSHORTCUTS[id]580).ListItem.FolderPath, pvr://)">$INFO[Container($SKINSHORTCUTS[id]580).ListItem.Title]</value>
                <value condition="!IsEmpty(Container($SKINSHORTCUTS[id]580).ListItem.Season) + !IsEmpty(Container($SKINSHORTCUTS[id]580).ListItem.Episode) + !StringCompare(Container($SKINSHORTCUTS[id]580).ListItem.TvShowTitle,Container($SKINSHORTCUTS[id]580).ListItem.Title)">[UPPERCASE]S$INFO[Container($SKINSHORTCUTS[id]580).ListItem.Season]E$INFO[Container($SKINSHORTCUTS[id]580).ListItem.Episode]:[/UPPERCASE] $INFO[Container($SKINSHORTCUTS[id]580).ListItem.Title]</value>
                <value condition="!IsEmpty(Container($SKINSHORTCUTS[id]580).ListItem.Title)">$INFO[Container($SKINSHORTCUTS[id]580).ListItem.Title]</value>
                <value condition="!IsEmpty(Container($SKINSHORTCUTS[id]580).ListItem.Label)">$INFO[Container($SKINSHORTCUTS[id]580).ListItem.Label]</value>
            </variable>
            <variable name="widgetsubtitle-$SKINSHORTCUTS[id]580">
                <value condition="!IsEmpty(Container($SKINSHORTCUTS[id]580).ListItem.TvShowTitle) + !IsEmpty(Container($SKINSHORTCUTS[id]580).ListItem.Genre)">$INFO[Container($SKINSHORTCUTS[id]580).ListItem.TvShowTitle,, • ]$INFO[Container($SKINSHORTCUTS[id]580).ListItem.Year,, • ]$INFO[Container($SKINSHORTCUTS[id]580).ListItem.Genre]</value>
                <value condition="!IsEmpty(Container($SKINSHORTCUTS[id]580).ListItem.TvShowTitle)">$INFO[Container($SKINSHORTCUTS[id]580).ListItem.TvShowTitle,, • ]$INFO[Container($SKINSHORTCUTS[id]580).ListItem.Premiered,, • ]$INFO[Container($SKINSHORTCUTS[id]580).ListItem.Duration,,min.]</value>
                <value condition="!IsEmpty(Container($SKINSHORTCUTS[id]580).ListItem.Year)">$INFO[Container($SKINSHORTCUTS[id]580).ListItem.Year,, • ]$INFO[Container($SKINSHORTCUTS[id]580).ListItem.Duration,,min. • ]$INFO[Container($SKINSHORTCUTS[id]580).ListItem.Genre]</value>
                <value condition="!IsEmpty(Container($SKINSHORTCUTS[id]580).ListItem.Artist) + !IsEmpty(Container($SKINSHORTCUTS[id]580).ListItem.Album)">$INFO[Container($SKINSHORTCUTS[id]580).ListItem.Artist,, • ]$INFO[Container($SKINSHORTCUTS[id]580).ListItem.Album,, • ]$INFO[Container($SKINSHORTCUTS[id]580).ListItem.Duration]</value>
                <value condition="!IsEmpty(Container($SKINSHORTCUTS[id]580).ListItem.Property(StartTime))">$INFO[Container($SKINSHORTCUTS[id]580).ListItem.Property(ChannelName),, • ]$INFO[Container($SKINSHORTCUTS[id]580).ListItem.Property(StartTime),, - ]$INFO[Container($SKINSHORTCUTS[id]580).ListItem.Property(EndTime),, • ]$INFO[Container($SKINSHORTCUTS[id]580).ListItem.Genre]</value>
                <value condition="!IsEmpty(Container($SKINSHORTCUTS[id]580).ListItem.StartTime)">$INFO[Container($SKINSHORTCUTS[id]580).ListItem.ChannelName,, • ]$INFO[Container($SKINSHORTCUTS[id]580).ListItem.StartTime,, - ]$INFO[Container($SKINSHORTCUTS[id]580).ListItem.EndTime,, • ]$INFO[Container($SKINSHORTCUTS[id]580).ListItem.Genre]</value>
            </variable>
            
            <variable name="widgetlabel-$SKINSHORTCUTS[id]">
                <value condition="Skin.String(widgetvalue-$SKINSHORTCUTS[submenuid],7)">$SKINSHORTCUTS[widgetName8]</value>
                <value condition="Skin.String(widgetvalue-$SKINSHORTCUTS[submenuid],6)">$SKINSHORTCUTS[widgetName7]</value>
                <value condition="Skin.String(widgetvalue-$SKINSHORTCUTS[submenuid],5)">$SKINSHORTCUTS[widgetName6]</value>
                <value condition="Skin.String(widgetvalue-$SKINSHORTCUTS[submenuid],4)">$SKINSHORTCUTS[widgetName5]</value>
                <value condition="Skin.String(widgetvalue-$SKINSHORTCUTS[submenuid],3)">$SKINSHORTCUTS[widgetName4]</value>
                <value condition="Skin.String(widgetvalue-$SKINSHORTCUTS[submenuid],2)">$SKINSHORTCUTS[widgetName3]</value>
                <value condition="Skin.String(widgetvalue-$SKINSHORTCUTS[submenuid],1)">$SKINSHORTCUTS[widgetName2]</value>
                <value>$SKINSHORTCUTS[widgetName1]</value>
            </variable>
        </variables>

	</other>

</template>
