<?xml version='1.0' encoding='UTF-8'?>
<shortcuts>
	<shortcut>
		<label>15100</label>
		<label2>Music</label2>
		<defaultID>15100</defaultID>
		<icon>resource://resource.images.skinicons.titan/music.png</icon>
		<thumb>$INFO[Window(Home).Property(SkinHelper.AllMusicBackground)]</thumb>
		<action>ActivateWindow(10502,return)</action>
	</shortcut>
	<shortcut>
		<label>19021</label>
		<label2 />
		<defaultID>19021</defaultID>
		<icon>resource://resource.images.skinicons.titan/radio.png</icon>
		<thumb />
		<action>ActivateWindow(radiochannels,return)</action>
	</shortcut>
	<shortcut>
		<label>517</label>
		<label2>Music</label2>
		<defaultID>517</defaultID>
		<icon>special://skin/extras/defaulticonswide/defaultmusicplugins.png</icon>
		<thumb />
		<action>ActivateWindow(10502,musicdb://recentlyplayedalbums/,return)</action>
	</shortcut>
	<shortcut>
		<label>359</label>
		<label2>Music</label2>
		<defaultID>359</defaultID>
		<icon>special://skin/extras/defaulticonswide/defaultmusicrecentlyplayed.png</icon>
		<thumb />
		<action>ActivateWindow(10502,musicdb://recentlyaddedalbums/,return)</action>
	</shortcut>
	<shortcut>
		<label>20389</label>
		<label2>20389</label2>
		<icon>$INFO[Window(Home).Property(SkinHelper.AllMusicVideosBackground)]</icon>
		<thumb />
		<action>ActivateWindow(10025,videodb://musicvideos/titles/,return)</action>
	</shortcut>
	<shortcut>
		<defaultID>1038</defaultID>
		<label>1038</label>
		<label2 />
		<icon>resource://resource.images.skinicons.titan/music.png</icon>
		<thumb />
		<action>ActivateWindow(10502,addons://sources/audio/,return)</action>
	</shortcut>

</shortcuts>
