﻿<?xml version="1.0" encoding="UTF-8" standalone="yes"?>
	<addon id="service.squeezelite" name="Squeezelite Service" version="1.0.0" provider-name="marcelveldt">
	<requires>
		<import addon="xbmc.python" version="2.13.0"/>
		<import addon="xbmc.addon" version="12.0.0"/>
        <import addon="script.module.six" version="1.9.0"/>
	</requires>
	<extension point="xbmc.python.pluginsource" library="plugin.py">
        <provides>audio</provides>
    </extension>
	<extension library="service.py" point="xbmc.service" start="login" />

	<extension point="xbmc.addon.metadata">
		<summary lang="en">Squeezelite Player for Kodi</summary>
        <description>Squeezelite Player for Kodi</description>
		<language></language>
		<platform>all</platform>
		<license>Apache v2.0</license>
		<forum></forum>
		<website></website>
		<source>https://github.com/marcelveldt/service.squeezelite</source>
	</extension>
</addon>