<?xml version="1.0" encoding="utf-8"?>
<!--Titan-->
<window>
	<defaultcontrol>-</defaultcontrol>
	<allowoverlay>false</allowoverlay>
    <controls>
         <!--fallback background -->
        <control type="group">
			<include>GlobalBackground</include>
            <visible>[!Control.IsVisible(3333) | IsEmpty(Control.GetLabel(3333))] + [!Control.IsVisible(3334) | IsEmpty(Control.GetLabel(3334))]</visible>
		</control>
         <include>NowPlayingBackground</include>
         
         <!-- lyrics overlay -->
         <control type="group">
            <visible>!Skin.HasSetting(DisableLyricsOverlay) + Window.IsActive(script-cu-lrclyrics-main.xml)</visible>
            <control type="image">
                <posx>0</posx>
                <posy>0</posy>
                <width>100%</width>
                <height>100%</height>
                <texture>special://home/addons/resource.images.backgroundoverlays.titan/resources/Surround.png</texture>
                <colordiffuse>ff000000</colordiffuse>
            </control>
            <control type="image">
                <posx>0</posx>
                <posy>0</posy>
                <width>100%</width>
                <height>100%</height>
                <texture>special://home/addons/resource.images.backgroundoverlays.titan/resources/Spot.png</texture>
                <colordiffuse>ff000000</colordiffuse>
            </control>
        </control>

        <control type="group">
            <include>HideOsdConditions</include>
			<include condition="skin.hastheme(classic)">MusicOSDClassic</include>
			<include condition="!Skin.HasTheme(classic) + !Skin.HasSetting(UseSlimOSDPanel)">OSDPanelModern</include>
			<include condition="!Skin.HasTheme(classic) + Skin.HasSetting(UseSlimOSDPanel)">OSDPanelModernSlimMusic</include>
			<visible>[Skin.HasSetting(AlwaysShowMusicInfo) | Player.ShowInfo | Window.IsActive(MusicOSD)]</visible>
            <animation effect="slide" end="0,-50" time="0" condition="Skin.HasSetting(enableArtistBio)">Conditional</animation>
			<animation effect="slide" start="0,400" end="0,0" tween="cubic" easing="out" delay="300" time="250" reversible="false" condition="!Skin.HasSetting(LowPerformanceMode)">Visible</animation>
			<animation effect="slide" start="0,0" end="0,400" tween="cubic" easing="out" delay="300" time="250" reversible="false" condition="!Skin.HasSetting(LowPerformanceMode)">Hidden</animation>
		</control>
        
        <!--artist BIO-->
        <control type="group">
            <visible>Skin.HasSetting(enableArtistBio)</visible>
            <control type="image">
                <bottom>-10</bottom>
                <width>100%</width>
                <height>60</height>
                <texture border="5" flipy="true">$VAR[osdpanelimage]</texture>
                <colordiffuse>$INFO[Skin.String(OSDPanelColor)]</colordiffuse>
            </control>
            <control type="fadelabel">
                <bottom>17</bottom>
                <left>0</left>
                <width>1920</width>
                <height>20</height>
                <scroll>true</scroll>
                <scrollout>false</scrollout>
                <textcolor>$INFO[Skin.String(OSDPrimaryTextColor)]</textcolor>
                <shadowcolor>$INFO[Skin.String(OSDPrimaryTextShadowColor)]</shadowcolor>
                <font>Reg30</font>
                <scrollspeed>80</scrollspeed>
                <label>$INFO[Window(Home).Property(SkinHelper.Player.ExtendedPlot)]</label>
            </control>
        </control>
		
		<!--clearlogo top right-->
		<control type="image">
			<right>40</right>
			<top>20</top>
			<width>550</width>
			<height>180</height>
			<fadetime>900</fadetime>
			<aspectratio align="right" aligny="top">keep</aspectratio>
			<texture>$INFO[Window(Home).Property(SkinHelper.Player.Art.ClearLogo)]</texture>
            <visible>Skin.String(MusicArtistLogo,enabled) | [Skin.String(MusicArtistLogo,osd) + [Player.ShowInfo | Window.IsActive(MusicOSD)]]</visible>
            <include>animation_fade_visible_hidden_delayed</include>
		</control>
        
        <control type="group">
			<animation effect="fade" time="900">WindowOpen</animation>
			<animation effect="fade" time="900">WindowClose</animation>
			<animation effect="fade" time="400">Visible</animation>
			<animation effect="fade" time="400">Hidden</animation>
			<visible>Player.HasAudio + !Window.IsActive(script-cu-lrclyrics-main.xml)</visible>
			<visible>Skin.HasSetting(MusicOSDScrollingTitles)</visible>
            <animation effect="slide" start="0" end="0,250" delay="300" time="250" condition="![Skin.HasSetting(AlwaysShowMusicInfo) | Player.ShowInfo | Window.IsActive(MusicOSD)]">Conditional</animation>
			<control type="label">
                <description>Now Playing</description>
                <left>0</left>
                <top>580</top>
                <width>1920</width>
                <height>100</height>
                <label>$INFO[MusicPlayer.Artist,, • ]$INFO[MusicPlayer.Title,, • ]$INFO[MusicPlayer.Artist,, • ]$INFO[MusicPlayer.Title,, • ]$INFO[MusicPlayer.Artist,, • ]$INFO[MusicPlayer.Title,, • ]</label>
                <scroll>true</scroll>
                <font>Light200</font>
                <pauseatend>0</pauseatend>
                <textcolor>36ffffff</textcolor>
                <align>left</align>
            </control>
        </control>


		<!-- codec info -->
        <control type="group" id="0">
			<visible>Player.ShowCodec + ![Window.IsVisible(script-cu-lrclyrics-main.xml) | Window.IsVisible(VisualisationSettings) | Window.IsVisible(VisualisationPresetList)]</visible>
			<animation effect="slide" start="0,-340" end="0,0" time="200">Visible</animation>
			<animation effect="slide" start="0" end="0,-340" time="200">Hidden</animation>
			<animation effect="fade" time="200">Visible</animation>
			<control type="image">
				<posx>0</posx>
				<posy>0</posy>
				<width>100%</width>
				<height>110</height>
				<texture border="5">diffuse/panel.png</texture>
				
				<colordiffuse>$INFO[Skin.String(GeneralPanelsColor)]</colordiffuse>
			</control>
			<control type="label">
				<description>row 1 label</description>
				<left>20</left>
				<width>11350</width>
				<top>10</top>
				<align>left</align>
				<label>$INFO[musicplayer.Codec,$LOCALIZE[21446]: ,]$INFO[musicplayer.Bitrate, · $LOCALIZE[623]: ,kbps]$INFO[musicplayer.bitspersample, · $LOCALIZE[612]: ,]$INFO[musicplayer.Samplerate, · $LOCALIZE[613]: ,kHz]$INFO[musicplayer.Channels, · $LOCALIZE[21444]: ]</label>
				<font>Light22</font>
					<textcolor>$INFO[Skin.String(GeneralTextColor)]</textcolor>
			</control>
			<control type="label">
				<description>row 2 label</description>
				<left>20</left>
				<top>40</top>
				<width>11350</width>
				<align>left</align>
				<label>$INFO[Visualisation.Name,, [I][COLOR=orange]($LOCALIZE[20166])[/COLOR][/I] · ]fps: $INFO[System.FPS]</label>
				<font>Light22</font>
					<textcolor>$INFO[Skin.String(GeneralTextColor)]</textcolor>
				<visible>Visualisation.Locked</visible>
			</control>
			<control type="label">
				<description>Unlocked row 2 label</description>
				<left>20</left>
				<top>40</top>
				<width>11350</width>
				<align>left</align>
				<label>$INFO[Visualisation.Name,, · ]fps: $INFO[System.FPS]</label>
				<font>Light22</font>
					<textcolor>$INFO[Skin.String(GeneralTextColor)]</textcolor>
				<visible>!Visualisation.Locked</visible>
			</control>
			<control type="label">
				<description>row 3 label</description>
				<left>20</left>
				<top>70</top>
				<width>11350</width>
				<align>left</align>
				<label>$INFO[Visualisation.Preset,$LOCALIZE[13388]: ]</label>
				<font>Light22</font>
					<textcolor>$INFO[Skin.String(GeneralTextColor)]</textcolor>
			</control>
		</control>
	</controls>
</window>