﻿<?xml version="1.0" encoding="UTF-8" standalone="yes"?>
	<addon id="script.skin.helper.skinbackup" name="Skin Helper Service Skin Backup" version="1.0.17" provider-name="marcelveldt">
	<requires>
		<import addon="xbmc.python" version="2.13.0"/>
		<import addon="xbmc.addon" version="12.0.0"/>
	</requires>
    <extension point="xbmc.python.script" library="default.py" />
	<extension library="service.py" point="xbmc.service" start="login" />

	<extension point="xbmc.addon.metadata">
		<summary lang="en">Helper service for Kodi skins</summary>
        <description>Helper service for Kodi skins</description>
		<language></language>
		<platform>all</platform>
		<license>GPL v2.0</license>
		<forum>http://forum.kodi.tv/showthread.php?tid=235676</forum>
		<website></website>
		<source>https://github.com/marcelveldt/script.skin.helper.skinbackup</source>
	</extension>
</addon>