﻿<?xml version="1.0" encoding="UTF-8" standalone="yes"?>
	<addon id="script.skin.helper.backgrounds" name="Skin Helper Service Backgrounds" version="1.0.18" provider-name="marcelveldt">
	<requires>
		<import addon="xbmc.python" version="2.13.0"/>
		<import addon="xbmc.addon" version="12.0.0"/>
		<import addon="script.module.pil" version="1.1.7"/>
        <import addon="script.module.simplecache" version="1.0.0"/>
        <import addon="script.module.skin.helper.artutils" version="1.0.0"/>
	</requires>

    <extension point="xbmc.python.library" library="default.py" />
    <extension point="xbmc.service" library="service.py" start="login" />

	<extension point="xbmc.addon.metadata">
		<summary lang="en">Helper service for Kodi skins providing rotating backgrounds</summary>
        <description>Helper service for Kodi skins providing rotating backgrounds</description>
		<language></language>
		<platform>all</platform>
		<license>GPL v2.0</license>
		<forum>http://forum.kodi.tv/showthread.php?tid=235676</forum>
		<website></website>
		<source>https://github.com/marcelveldt/script.skin.helper.backgrounds</source>
	</extension>
</addon>