﻿<?xml version="1.0" encoding="UTF-8" standalone="yes"?>
	<addon id="script.skin.helper.service" name="Skin Helper Service" version="1.0.119" provider-name="marcelveldt">
	<requires>
		<import addon="xbmc.python" version="2.13.0"/>
		<import addon="xbmc.addon" version="12.0.0"/>
        <import addon="script.module.simplejson" version="3.3.0"/>
        <import addon="script.module.simplecache" version="1.0.0"/>
        <import addon="script.module.skin.helper.artutils" version="1.0.0"/>
	</requires>

    <extension point="kodi.context.item">
        <menu id="kodi.core.main">
            <item library="resources\lib\context_animatedart.py">
              <label>32024</label>
              <visible>Skin.HasSetting(SkinHelper.EnableAnimatedPosters) + Container.Content(movies)</visible>
            </item>
            <item library="resources\lib\context_pvr.py">
                <label>32023</label>
                <description>PVR artwork Configuration</description>
                <visible>
                    Skin.HasSetting(SkinHelper.EnablePVRThumbs) + 
                    [Window.IsActive(MyPVRChannels.xml) | 
                    Window.IsActive(MyPVRGuide.xml) | Window.IsActive(MyPVRRecordings.xml) | 
                    Window.IsActive(MyPVRTimers.xml) | Window.IsActive(MyPVRSearch.xml)]
                </visible>
            </item>
            <item library="resources\lib\context_music.py">
                <label>32023</label>
                <description>Music artwork Configuration</description>
                <visible>
                    Skin.HasSetting(SkinHelper.EnableMusicArt) + 
                    [Container.Content(albums) | Container.Content(artists) | Container.Content(songs)]
                </visible>
            </item>
        </menu>
	</extension>

    <extension point="xbmc.python.library" library="default.py" />
	<extension point="xbmc.python.pluginsource" library="plugin.py">
    </extension>
	<extension library="service.py" point="xbmc.service" start="login" />

	<extension point="xbmc.addon.metadata">
		<summary lang="en">Helper service for Kodi skins</summary>
        <description>Helper service for Kodi skins</description>
		<language></language>
		<platform>all</platform>
		<license>GPL v2.0</license>
		<forum>http://forum.kodi.tv/showthread.php?tid=235676</forum>
		<website></website>
		<source>https://github.com/marcelveldt/script.skin.helper.service</source>
	</extension>
</addon>