<?xml version="1.0" encoding="UTF-8" standalone="yes"?>
<addon id="script.colorbox" name="colorbox Script" version="3.0.0" provider-name="BADMS, Angelinas">
	<requires>
		<import addon="xbmc.python" version="3.0.0"/>
		<import addon="script.module.simplejson" version="2.0.10"/>
		<import addon="script.module.pil" version="1.1.7"/>
	</requires>
    <extension point="xbmc.python.script" library="default.py">
        <provides>executable</provides>
    </extension>
	<extension point="xbmc.addon.metadata">
	    <summary lang="en_GB">Image manipulator and colour matching tools</summary>
		<description lang="en_GB">Provides image tools for skinners</description>
		<platform>all</platform>
		<license>GNU GENERAL PUBLIC LICENSE Version 2, June 1991</license>
		<forum>http://forum.kodi.tv/</forum>
		<source>https://github.com/BADMS/script.colorbox</source>
		<email>philipkdick@gmail.com</email>
		<assets>
			<icon>resources/icon.png</icon>
			<fanart>resources/fanart.jpg</fanart>
			<screenshot>resources/fanart.jpg</screenshot>
		</assets>
	</extension>
</addon>