<?xml version="1.0" encoding="utf-8"?>
<!--Titan-->
<includes>
	
	<!-- Footer -->
	<include name="Footer">
		<control type="group">
			<animation type="Conditional" condition="Control.IsVisible(77551)">
                <effect type="slide" start="0,0" end="0,800" time="400" tween="cubic" easing="inout" delay="0" />
            </animation>
			<animation type="Conditional" condition="skin.hastheme(classic) + !StringCompare(Skin.AspectRatio,16:10) + Window.IsMedia">
                <effect type="slide" start="0,0" end="0,-45" time="0" tween="cubic" easing="inout" delay="0" />
            </animation>
            <animation type="Conditional" condition="skin.hastheme(classic) + StringCompare(Skin.AspectRatio,16:10) + Window.IsMedia">
                <effect type="slide" start="0,0" end="0,-60" time="0" tween="cubic" easing="inout" delay="0" />
            </animation>
            <animation type="Conditional" condition="StringCompare(Window(Home).Property(showinfopanel),show)">
                <effect type="slide" start="0,0" end="0,300" time="800" tween="cubic" easing="inout" delay="0" />
            </animation>
            <visible>![Window.IsActive(pictures) + Skin.HasSetting(MyPicsDisableFooter)]</visible>

			<!--Footer Background-->
			<control type="group">						
				<control type="image">	
					<posx>50</posx>
					<bottom>40</bottom>
					<width>1820</width>
					<height>84</height>
					<animation type="Conditional" condition="window.isactive(settings) | window.isactive(SettingsCategory.xml) | window.isactive(skinsettings) | window.isactive(systeminfo) | window.isactive(profiles)">
						<effect type="slide" start="0,0" end="0,-30" time="0" tween="cubic" easing="inout" delay="0" />
					</animation>
					<texture colordiffuse="$INFO[Skin.String(FooterPanelColor)]">special://skin/extras/icons/footer_classic.png</texture>
					<visible>!Skin.HasSetting(NoFooterBar) + skin.hastheme(classic)</visible>
					<visible>![window.isactive(home) + Skin.HasSetting(NoFooterBarOnHome)]</visible>
					<visible>![[Skin.String(HomeLayout, 1) | Skin.String(HomeLayout, 2) | Skin.String(HomeLayout, 3) | Skin.String(HomeLayout, 1small) | Skin.String(HomeLayout, 2small) | Skin.String(HomeLayout, 3small)] + Control.IsVisible(4444) + [Skin.String(SubmenuLayout, horizontal) | Skin.String(SubmenuLayout, tiles)]]</visible>
				</control>
				<control type="image">
					<posx>0</posx>
					<bottom>0</bottom>
					<width>100%</width>
					<height>110</height>
					<texture border="5">diffuse/panel.png</texture>
					<colordiffuse>$INFO[Skin.String(FooterPanelColor)]</colordiffuse>
					<visible>!skin.hastheme(classic) + !skin.hassetting(nofooterbar)</visible>
					<visible>![window.isactive(home) + Skin.HasSetting(NoFooterBarOnHome)]</visible>
				</control>
			</control>
			
			<!-- touchscreen support -->
			<include condition="Skin.HasSetting(EnableTouchSupport)">TouchControlsFooter</include>

			<!-- PVR Content -->
            <include condition="Window.IsActive(tvchannels) | Window.IsActive(tvguide) | Window.IsActive(tvrecordings) | Window.IsActive(tvtimers) | Window.IsActive(tvsearch)">FooterContentPVR</include>

            <!-- Normal Content -->
            <include condition="![Window.IsActive(tvchannels) | Window.IsActive(tvguide) | Window.IsActive(tvrecordings) | Window.IsActive(tvtimers) | Window.IsActive(tvsearch)] + !Window.IsActive(home)">FooterContentGeneral</include>

            <!--footer on home -->
            <include condition="Window.IsActive(Home)">FooterContentHome</include>
            
            <!-- codec info normal-->
			<control type="group">
				<posx>60</posx>
				<height>50</height>
				<bottom>20</bottom>
				<include condition="[Window.IsActive(Videos) | Window.IsActive(videoplaylist)]">mediaflags</include>
                <animation type="Conditional" condition="skin.hastheme(classic)">
                    <effect type="slide" start="0,0" end="0,-12" time="0" tween="cubic" easing="inout" delay="0" />
                </animation>
                <!-- slide if touchcontrols present -->
                <animation type="Conditional" condition="Control.IsVisible(99123)">
                    <effect type="slide" start="0" end="280" time="0" tween="cubic" easing="inout" delay="0" />
                </animation>
            </control>
			
			<!--Rating normal-->
			<include condition="window.isactive(Videos) + !skin.hastheme(classic) + ![Skin.HasSetting(StudioInFooter) | Skin.HasSetting(IMDBRatingInFooter) | Skin.HasSetting(RTRatingInFooter)]">StarRatingFooter</include>
            <include condition="window.isactive(Videos) + !skin.hastheme(classic) + [Skin.HasSetting(StudioInFooter) | Skin.HasSetting(IMDBRatingInFooter) | Skin.HasSetting(RTRatingInFooter)]">AltRatingFooter</include>
			<include condition="window.isactive(Music)">StarRatingMusicFooter</include>
     			
		</control>
	</include>
    
    <include name="footerColorDiffuse">
        <colordiffuse>$INFO[Skin.String(FooterTextColor)]</colordiffuse>
    </include>
    <include name="videoInfoColorDiffuse">
        <colordiffuse>$INFO[Skin.String(ViewDetailsTextColor)]</colordiffuse>
    </include>
    
    <include name="ImdbTop250">
        <!-- IMDB Top 250 -->
        <control type="group">
            <height>70</height>
            <width>85</width>
            <control type="image">
                <height>70</height>
                <width>84</width>
                <texture border="5">diffuse/panel.png</texture>
                <colordiffuse>darkgrey</colordiffuse>
                <aspectratio>stretch</aspectratio>
            </control>
            <control type="image">
                <height>70</height>
                <width>85</width>
                <bordersize>2</bordersize>
                <texture border="5">diffuse/panel.png</texture>
                <colordiffuse>ff000000</colordiffuse>
                <aspectratio>stretch</aspectratio>
            </control>
            <control type="image">
                <!--imdb logo-->
                <top>0</top>
                <width>84</width>
                <height>40</height>
                <bordersize>2</bordersize>
                <texture>flags/imdb_logo_250.png</texture>
            </control>
            <control type="label">
                <!--Rating modern-->
                <top>38</top>
                <width>84</width>
                <height>30</height>
                <align>center</align>
                <aligny>center</aligny>
                <font>flags</font>
                <textcolor>white</textcolor>
                <label>$INFO[Window(Home).Property(SkinHelper.ListItem.IMDB.Top250)]</label>
            </control>
        </control>
    </include>
    
    <include name="TomatoMeter">
        <!-- Rotten Tomatoes Meter -->
        <control type="group">
            <height>70</height>
            <width>85</width>
            <control type="image">
                <height>70</height>
                <width>84</width>
                <texture border="5">diffuse/panel.png</texture>
                <colordiffuse>darkgrey</colordiffuse>
                <aspectratio>stretch</aspectratio>
            </control>
            <control type="image">
                <height>70</height>
                <width>85</width>
                <bordersize>2</bordersize>
                <texture border="5">diffuse/panel.png</texture>
                <colordiffuse>ff000000</colordiffuse>
                <aspectratio>stretch</aspectratio>
            </control>
            <control type="image">
                <top>0</top>
                <width>85</width>
                <height>40</height>
                <bordersize>2</bordersize>
                <texture border="5">diffuse/panel.png</texture>
                <colordiffuse>black</colordiffuse>
            </control>
            <control type="image">
                <description>Rotten tomatoes image</description>
                <top>2</top>
                <width>84</width>
                <height>37</height>
                <bordersize>2</bordersize>
                <aspectratio>keep</aspectratio>
                <texture>$INFO[Window(Home).Property(SkinHelper.ListItem.RottenTomatoes.Image),flags/,.png]</texture>
            </control>
            <control type="label">
                <top>38</top>
                <width>84</width>
                <height>30</height>
                <align>center</align>
                <aligny>center</aligny>
                <font>flags</font>
                <textcolor>white</textcolor>
                <label>$INFO[Window(Home).Property(SkinHelper.ListItem.RottenTomatoes.Meter),,%]</label>
            </control>
        </control>
    </include>
    
    <include name="TomatoAudience">
        <!-- Rotten Tomatoes Meter -->
        <control type="group">
            <height>70</height>
            <width>85</width>
            <control type="image">
                <height>70</height>
                <width>84</width>
                <texture border="5">diffuse/panel.png</texture>
                <colordiffuse>darkgrey</colordiffuse>
                <aspectratio>stretch</aspectratio>
            </control>
            <control type="image">
                <height>70</height>
                <width>85</width>
                <bordersize>2</bordersize>
                <texture border="5">diffuse/panel.png</texture>
                <colordiffuse>ff000000</colordiffuse>
                <aspectratio>stretch</aspectratio>
            </control>
            <control type="image">
                <top>0</top>
                <width>85</width>
                <height>40</height>
                <bordersize>2</bordersize>
                <texture border="5">diffuse/panel.png</texture>
                <colordiffuse>black</colordiffuse>
            </control>
            <control type="image">
                <top>0</top>
                <width>84</width>
                <height>37</height>
                <bordersize>2</bordersize>
                <aspectratio>keep</aspectratio>
                <texture>flags/popcorn.png</texture>
                <visible>IntegerGreaterThan(Window(Home).Property(SkinHelper.ListItem.RottenTomatoes.UserMeter),59)</visible>
            </control>
            <control type="image">
                <top>0</top>
                <width>84</width>
                <height>37</height>
                <bordersize>2</bordersize>
                <aspectratio>keep</aspectratio>
                <texture>flags/popcorn2.png</texture>
                <visible>!IntegerGreaterThan(Window(Home).Property(SkinHelper.ListItem.RottenTomatoes.UserMeter),59)</visible>
            </control>
            <control type="label">
                <top>38</top>
                <width>84</width>
                <height>30</height>
                <align>center</align>
                <aligny>center</aligny>
                <font>flags</font>
                <textcolor>white</textcolor>
                <label>$INFO[Window(Home).Property(SkinHelper.ListItem.RottenTomatoes.UserMeter),,%]</label>
            </control>
        </control>
    </include>
    
    <include name="MetaCriticRating">
        <!-- Rotten Tomatoes Meter -->
        <control type="group">
            <height>70</height>
            <width>85</width>
            <control type="image">
                <height>70</height>
                <width>84</width>
                <texture border="5">diffuse/panel.png</texture>
                <colordiffuse>darkgrey</colordiffuse>
                <aspectratio>stretch</aspectratio>
            </control>
            <control type="image">
                <height>70</height>
                <width>85</width>
                <bordersize>2</bordersize>
                <texture border="5">diffuse/panel.png</texture>
                <colordiffuse>ff000000</colordiffuse>
                <aspectratio>stretch</aspectratio>
            </control>
            <control type="image">
                <top>0</top>
                <width>85</width>
                <height>40</height>
                <bordersize>2</bordersize>
                <texture border="5">diffuse/panel.png</texture>
                <colordiffuse>black</colordiffuse>
            </control>
            <control type="image">
                <top>2</top>
                <width>84</width>
                <height>37</height>
                <bordersize>2</bordersize>
                <aspectratio>keep</aspectratio>
                <texture>flags/metacritic.png</texture>
            </control>
            <control type="label">
                <top>38</top>
                <width>84</width>
                <height>30</height>
                <align>center</align>
                <aligny>center</aligny>
                <font>flags</font>
                <textcolor>white</textcolor>
                <label>$INFO[Window(Home).Property(SkinHelper.ListItem.MetaCritic.Rating)]</label>
            </control>
        </control>
    </include>
    
    <include name="AltRatingFooter">
        <!--Rating + Studio-->
			<control type="group">
				<visible>[Skin.HasSetting(StudioInFooter) | Skin.HasSetting(IMDBRatingInFooter) | Skin.HasSetting(RTRatingInFooter) | Control.IsVisible(523) | !IsEmpty(Window(Home).Property(netflixview))]</visible>
                
                <!-- Tomatometer -->
                <control type="group">
                    <height>70</height>
                    <width>85</width>
                    <bottom>15</bottom>
                    <right>50</right>
                    <include>TomatoMeter</include>
                    <visible>!IsEmpty(Window(Home).Property(SkinHelper.ListItem.RottenTomatoes.Meter)) + [Skin.HasSetting(RTRatingInFooter) | Control.IsVisible(523) | !IsEmpty(Window(Home).Property(netflixview))]</visible>
                    <animation effect="slide" end="-100" time="0" condition="!IsEmpty(Window(Home).Property(SkinHelper.ListItem.RottenTomatoes.UserMeter))">Conditional</animation>
                    <animation effect="slide" end="-100" time="0" condition="!IsEmpty(Window(Home).Property(SkinHelper.ListItem.MetaCritic.Rating))">Conditional</animation>
                </control>
                
                <!-- Tomatoaudience -->
                <control type="group">
                    <height>70</height>
                    <width>85</width>
                    <bottom>15</bottom>
                    <right>50</right>
                    <include>TomatoAudience</include>
                    <visible>!IsEmpty(Window(Home).Property(SkinHelper.ListItem.RottenTomatoes.UserMeter)) + [Skin.HasSetting(RTRatingInFooter) | Control.IsVisible(523) | !IsEmpty(Window(Home).Property(netflixview))]</visible>
                    <animation effect="slide" end="-100" time="0" condition="!IsEmpty(Window(Home).Property(SkinHelper.ListItem.MetaCritic.Rating))">Conditional</animation>
                </control>
                
                <!-- MetaCritic -->
                <control type="group">
                    <height>70</height>
                    <width>85</width>
                    <bottom>15</bottom>
                    <right>50</right>
                    <include>MetaCriticRating</include>
                    <visible>!IsEmpty(Window(Home).Property(SkinHelper.ListItem.MetaCritic.Rating)) + [Skin.HasSetting(RTRatingInFooter) | Control.IsVisible(523) | !IsEmpty(Window(Home).Property(netflixview))]</visible>
                </control>
                
                <!-- IMDB Top 250 -->
                <control type="group">
                    <height>70</height>
                    <width>85</width>
                    <bottom>15</bottom>
                    <right>50</right>
                    <include>ImdbTop250</include>
                    <visible>!IsEmpty(Window(Home).Property(SkinHelper.ListItem.IMDB.Top250)) + [Skin.HasSetting(IMDBRatingInFooter) | Control.IsVisible(523) | !IsEmpty(Window(Home).Property(netflixview))]</visible>
                    <animation effect="slide" end="-100" time="0" condition="!IsEmpty(Window(Home).Property(SkinHelper.ListItem.RottenTomatoes.Meter)) + [Skin.HasSetting(RTRatingInFooter) | Control.IsVisible(523) | !IsEmpty(Window(Home).Property(netflixview))]">Conditional</animation>
                    <animation effect="slide" end="-100" time="0" condition="!IsEmpty(Window(Home).Property(SkinHelper.ListItem.RottenTomatoes.UserMeter)) + [Skin.HasSetting(RTRatingInFooter) | Control.IsVisible(523) | !IsEmpty(Window(Home).Property(netflixview))]">Conditional</animation>
                    <animation effect="slide" end="-100" time="0" condition="!IsEmpty(Window(Home).Property(SkinHelper.ListItem.MetaCritic.Rating)) + [Skin.HasSetting(RTRatingInFooter) | Control.IsVisible(523) | !IsEmpty(Window(Home).Property(netflixview))]">Conditional</animation>
                </control>
				<control type="image">
					<!--studio logo -->
					<right>50</right>
					<bottom>5</bottom>
					<width>400</width>
					<height>90</height>
					<aspectratio aligny="center" align="right">keep</aspectratio>
					<fadetime>250</fadetime>
					<include condition="!SubString(Skin.String(SkinHelper.StudioLogos.Path),colo)">footerColorDiffuse</include>
					<bordersize>2</bordersize>
					<texture>$INFO[Window(home).Property(SkinHelper.ListItem.StudioLogo)]</texture>
                    <visible>Skin.HasSetting(StudioInFooter) | Control.IsVisible(523) | !IsEmpty(Window(Home).Property(netflixview))</visible>
                    <animation effect="slide" end="-100" time="0" condition="!IsEmpty(Control.GetLabel(414783)) + [Skin.HasSetting(IMDBRatingInFooter) | Control.IsVisible(523) | !IsEmpty(Window(Home).Property(netflixview))]">Conditional</animation>
                    <animation effect="slide" end="-100" time="0" condition="!IsEmpty(Window(Home).Property(SkinHelper.ListItem.IMDB.Top250)) + [Skin.HasSetting(IMDBRatingInFooter) | Control.IsVisible(523) | !IsEmpty(Window(Home).Property(netflixview))]">Conditional</animation>
                    <animation effect="slide" end="-100" time="0" condition="!IsEmpty(Window(Home).Property(SkinHelper.ListItem.RottenTomatoes.Meter)) + [Skin.HasSetting(RTRatingInFooter) | Control.IsVisible(523) | !IsEmpty(Window(Home).Property(netflixview))]">Conditional</animation>
                    <animation effect="slide" end="-100" time="0" condition="!IsEmpty(Window(Home).Property(SkinHelper.ListItem.RottenTomatoes.UserMeter)) + [Skin.HasSetting(RTRatingInFooter) | Control.IsVisible(523) | !IsEmpty(Window(Home).Property(netflixview))]">Conditional</animation>
                    <animation effect="slide" end="-100" time="0" condition="!IsEmpty(Window(Home).Property(SkinHelper.ListItem.MetaCritic.Rating)) + [Skin.HasSetting(RTRatingInFooter) | Control.IsVisible(523) | !IsEmpty(Window(Home).Property(netflixview))]">Conditional</animation>
				</control>
                <!-- IMDB rating -->
                <control type="group">
                    <visible>!IsEmpty(Control.GetLabel(414783)) + !SubString(Control.GetLabel(414783),songrating,left) + [Skin.HasSetting(IMDBRatingInFooter) | Control.IsVisible(523) | !IsEmpty(Window(Home).Property(netflixview))]</visible>
                    <animation effect="slide" end="-100" time="0" condition="!IsEmpty(Window(Home).Property(SkinHelper.ListItem.IMDB.Top250)) + [Skin.HasSetting(IMDBRatingInFooter) | Control.IsVisible(523) | !IsEmpty(Window(Home).Property(netflixview))]">Conditional</animation>
                    <animation effect="slide" end="-100" time="0" condition="!IsEmpty(Window(Home).Property(SkinHelper.ListItem.RottenTomatoes.Meter)) + [Skin.HasSetting(RTRatingInFooter) | Control.IsVisible(523) | !IsEmpty(Window(Home).Property(netflixview))]">Conditional</animation>
                    <animation effect="slide" end="-100" time="0" condition="!IsEmpty(Window(Home).Property(SkinHelper.ListItem.RottenTomatoes.UserMeter)) + [Skin.HasSetting(RTRatingInFooter) | Control.IsVisible(523) | !IsEmpty(Window(Home).Property(netflixview))]">Conditional</animation>
                    <animation effect="slide" end="-100" time="0" condition="!IsEmpty(Window(Home).Property(SkinHelper.ListItem.MetaCritic.Rating)) + [Skin.HasSetting(RTRatingInFooter) | Control.IsVisible(523) | !IsEmpty(Window(Home).Property(netflixview))]">Conditional</animation>
                    <control type="image">
                        <right>50</right>
                        <height>70</height>
                        <width>84</width>
                        <bottom>15</bottom>
                        <texture border="5">diffuse/panel.png</texture>
                        <colordiffuse>darkgrey</colordiffuse>
                        <aspectratio>stretch</aspectratio>
                    </control>
                    <control type="image">
                        <right>50</right>
                        <height>70</height>
                        <width>85</width>
                        <bottom>15</bottom>
                        <bordersize>2</bordersize>
                        <texture border="5">diffuse/panel.png</texture>
                        <colordiffuse>ff000000</colordiffuse>
                        <aspectratio>stretch</aspectratio>
                    </control>
                    <control type="image">
                        <!--imdb logo-->
                        <right>50</right>
                        <bottom>45</bottom>
                        <width>84</width>
                        <height>40</height>
                        <bordersize>2</bordersize>
                        <texture>flags/imdb_logo.png</texture>
                    </control>
                    <control type="label" id="414783">
                        <!--Rating modern-->
                        <right>50</right>
                        <bottom>17</bottom>
                        <width>84</width>
                        <height>30</height>
                        <align>center</align>
                        <aligny>center</aligny>
                        <font>flags</font>
                        <textcolor>white</textcolor>
                        <label>$VAR[FooterRatingLabel]</label>
                    </control>
                </control>
			</control>	
    </include>
    
    <variable name="FooterRatingLabel">
        <value condition="!IsEmpty(ListItem.Rating)">$INFO[ListItem.Rating]</value>
        <value condition="!IsEmpty(Window(Home).Property(SkinHelper.ListItem.Rating))">$INFO[Window(Home).Property(SkinHelper.ListItem.Rating)]</value>
    </variable>
    
    <include name="FooterContentPVR">
        <!--Progress (PVR)-->
        <control type="group">
            <animation effect="slide" end="30,-15" time="0" condition="skin.hastheme(classic)">Conditional</animation>
            <visible>[window.isactive(tvchannels) | window.isactive(tvguide)] + !Control.IsVisible(99123)</visible>
            <bottom>20</bottom>
            <height>65</height>
            <control type="label">
                <!--Start-->
                <posx>60</posx>
                <posy>0</posy>
                <width>400</width>
                <font>flags</font>
                <textcolor>$INFO[Skin.String(FooterTextColor)]</textcolor>
                <shadowcolor>$INFO[Skin.String(FooterTextShadowColor)]</shadowcolor>
                <info>ListItem.StartTime</info>
            </control>
            <control type="progress">
                <!--Progress Bar-->
                <posx>200</posx>
                <posy>25</posy>
                <width>150</width>
                <info>ListItem.Progress</info>
                <visible>Skin.HasTheme(classic)</visible>
            </control>
            <control type="progress">
                <!--Progress Bar-->
                <posx>200</posx>
                <posy>23</posy>
                <width>150</width>
                <height>20</height>
                <info>ListItem.Progress</info>
                <visible>!Skin.HasTheme(classic)</visible>
            </control>
            <control type="label">
                <!--End-->
                <posx>375</posx>
                <posy>0</posy>
                <width>400</width>
                <font>flags</font>
                <textcolor>$INFO[Skin.String(FooterTextColor)]</textcolor>
                <shadowcolor>$INFO[Skin.String(FooterTextShadowColor)]</shadowcolor>
                <info>ListItem.EndTime</info>
            </control>
        </control>
        <!-- Programname etc -->
        <control type="group">
            <animation effect="slide" end="0,-16" time="0" condition="skin.hastheme(classic)">Conditional</animation>
            <bottom>35</bottom>
            <height>65</height>
            <control type="label">
                <!--live tv channel-->
                <visible>IsEmpty(Control.Getlabel(44123))</visible>
                <right>60</right>
                <posy>16</posy>
                <width>500</width>
                <align>right</align>
                <font>Reg30</font>
                <textcolor>$INFO[Skin.String(FooterTextColor)]</textcolor>
                <shadowcolor>$INFO[Skin.String(FooterTextShadowColor)]</shadowcolor>
                <label>$INFO[ListItem.ChannelName]</label>
            </control>
            <control type="label">
                <!--live tv programname-->
                <posx>610</posx>
                <posy>16</posy>
                <width>700</width>
                <align>center</align>
                <font>Bold30</font>
                <textcolor>$INFO[Skin.String(FooterTextColor)]</textcolor>
                <shadowcolor>$INFO[Skin.String(FooterTextShadowColor)]</shadowcolor>
                <label>$INFO[ListItem.Title]</label>
                <visible>!Control.IsVisible(884)</visible>
            </control>
                 <control type="image" id="44123">
                <visible>!skin.hastheme(classic)</visible>
                <right>60</right>
                <posy>0</posy>
                <width>260</width>
                <height>100</height>
                <texture>$VAR[channellogo]</texture>
                <aspectratio align="right" aligny="center">keep</aspectratio>
            </control>
            <control type="label">
                <!--live tv diskspace-->
                <visible>window.isactive(tvrecordings) | window.isactive(tvtimers) | window.isactive(tvsearch)</visible>
                <left>60</left>
                <posy>16</posy>
                <width>500</width>
                <align>left</align>
                <font>Reg30</font>
                <textcolor>$INFO[Skin.String(FooterTextColor)]</textcolor>
                <shadowcolor>$INFO[Skin.String(FooterTextShadowColor)]</shadowcolor>
                <label>$INFO[PVR.backenddiskspace]</label>
                <visible>!Control.IsVisible(99123)</visible>
            </control>
             </control>
    </include>

    <include name="FooterContentGeneral">
        <control type="group">
            <!--Title-->
            <visible>!Window.IsActive(DialogVideoInfo.xml) + !Window.IsVisible(favourites)</visible>
            <animation effect="slide" end="0,16" time="0" condition="!skin.hastheme(classic)">Conditional</animation>
            <height>80</height>
            <bottom>20</bottom>
            <control type="label">
                <!--Label (classic only)-->
                <posx>560</posx>
                <posy>0</posy>
                <width>800</width>
                <align>center</align>
                <font>Bold30</font>
                <textcolor>$INFO[Skin.String(FooterTextColor)]</textcolor>
                <shadowcolor>$INFO[Skin.String(FooterTextShadowColor)]</shadowcolor>
                <label>$INFO[ListItem.label]</label>
                <visible>!Control.IsVisible(884)</visible>
                <scroll>true</scroll>
                <visible>![Window.IsActive(Videos) | Window.IsActive(videoplaylist)] | ListItem.IsCollection | Skin.HasTheme(classic) | IsEmpty(ListItem.VideoAspect) | Skin.String(mediaflagsstyle,disabled) | Skin.String(mediaflagsstyle,classic)</visible>
            </control>
            <control type="label">
                <visible>Container.Content(songs)</visible>
                <visible>!Control.IsVisible(99123)</visible>
                <!--Album, Songs-->
                <left>60</left>
                <align>left</align>
                <posy>0</posy>
                <width>500</width>
                <font>Reg30</font>
                <textcolor>$INFO[Skin.String(FooterTextColor)]</textcolor>
                <shadowcolor>$INFO[Skin.String(FooterTextShadowColor)]</shadowcolor>
                <label>$INFO[ListItem.Album]</label>
            </control>
            <control type="label">
                <!--Artist-->
                <visible>[Container.Content(albums) | Container.Content(songs)] + IsEmpty(ListItem.Rating)</visible>
                <right>60</right>
                <posy>0</posy>
                <width>500</width>
                <align>right</align>
                <font>Reg30</font>
                <textcolor>$INFO[Skin.String(FooterTextColor)]</textcolor>
                <shadowcolor>$INFO[Skin.String(FooterTextShadowColor)]</shadowcolor>
                <label>$INFO[ListItem.Artist]</label>
            </control>
            <control type="label">
                <!--Playlist length-->
                <visible>Window.IsActive(videoplaylist)</visible>
                <right>60</right>
                <posy>0</posy>
                <width>500</width>
                <align>right</align>
                <font>Reg30</font>
                <textcolor>$INFO[Skin.String(FooterTextColor)]</textcolor>
                <shadowcolor>$INFO[Skin.String(FooterTextShadowColor)]</shadowcolor>
                <label>$INFO[Container.Totaltime,$LOCALIZE[31597]: ]</label>
            </control>
            <!-- repo last updated label -->
            <control type="label">
                <right>60</right>
                <align>right</align>
                <posy>0</posy>
                <width>550</width>
                <font>Reg30</font>
                <textcolor>$INFO[Skin.String(FooterTextColor)]</textcolor>
                <shadowcolor>$INFO[Skin.String(FooterTextShadowColor)]</shadowcolor>
                <label>$LOCALIZE[31334]: $INFO[Window().Property(Updated)]</label>
                <visible>Window.IsActive(AddonBrowser)</visible>
                <visible>!Control.IsVisible(99123)</visible>
            </control>
        </control>
    </include>
    
    <include name="FooterContentHome">
        
        <!-- RSS Feed -->
        <control type="rss">	
            <description>RSS Feed Normal - normal or touch with disabled battery</description>
            <posx>0</posx>
            <bottom>20</bottom>
            <width>1920</width>
            <height>50</height>
            <font>Reg28</font>
            <urlset>1</urlset>
            <titlecolor>$INFO[Skin.String(GeneralHighlightTextColor)]</titlecolor>
            <headlinecolor>$INFO[Skin.String(FooterTextColor)]</headlinecolor>
            <textcolor>$INFO[Skin.String(GeneralHighlightTextColor)]</textcolor>
            <shadowcolor>$INFO[Skin.String(FooterTextShadowColor)]</shadowcolor>
            <visible>system.getbool(lookandfeel.enablerssfeeds)</visible>
            <visible>!Skin.HasTheme(classic) + ![Control.IsVisible(99123) + !Skin.HasSetting(HideBatteryStatus)]</visible>
            <visible>![[Control.IsVisible(4444) + IntegerGreaterThan(Container(4444).NumItems,0)] + [Skin.String(SubmenuLayout, horizontal) | Skin.String(SubmenuLayout, tiles)]] | Skin.String(HomeLayout, simplehor)</visible>
            <visible>!Window.IsVisible(shutdownmenu) + [IsEmpty(Container(300).ListItem.Property(infoline)) | StringCompare(Container(300).ListItem.Property(infoline),none)]</visible>
            <animation effect="slide" start="0,0" end="-15,-2" time="0" condition="skin.hastheme(classic)">Conditional</animation>
            <animation effect="slide" start="0" end="400" time="0" condition="Control.IsVisible(99123)">Conditional</animation>
        </control>
        <control type="rss">	
            <description>RSS Feed Normal or Classic - With touch buttons enabled</description>
            <posx>400</posx>
            <bottom>20</bottom>
            <width>1300</width>
            <height>50</height>
            <font>Reg28</font>
            <urlset>1</urlset>
            <titlecolor>$INFO[Skin.String(GeneralHighlightTextColor)]</titlecolor>
            <headlinecolor>$INFO[Skin.String(FooterTextColor)]</headlinecolor>
            <textcolor>$INFO[Skin.String(GeneralHighlightTextColor)]</textcolor>
            <shadowcolor>$INFO[Skin.String(FooterTextShadowColor)]</shadowcolor>
            <visible>system.getbool(lookandfeel.enablerssfeeds)</visible>
            <visible>Control.IsVisible(99123) + !Skin.HasSetting(HideBatteryStatus)</visible>
            <visible>![[Control.IsVisible(4444) + IntegerGreaterThan(Container(4444).NumItems,0)] + [Skin.String(SubmenuLayout, horizontal) | Skin.String(SubmenuLayout, tiles)]] | Skin.String(HomeLayout, simplehor)</visible>
            <visible>!Window.IsVisible(shutdownmenu) + [IsEmpty(Container(300).ListItem.Property(infoline)) | StringCompare(Container(300).ListItem.Property(infoline),none)]</visible>
            <animation effect="slide" start="0,0" end="-15,-2" time="0" condition="skin.hastheme(classic)">Conditional</animation>
        </control>
        <control type="rss">	
            <description>RSS Feed Classic theme</description>
            <posx>80</posx>
            <bottom>18</bottom>
            <width>1765</width>
            <height>50</height>
            <font>Reg28</font>
            <urlset>1</urlset>
            <titlecolor>$INFO[Skin.String(FooterTextColor)]</titlecolor>
            <headlinecolor>$INFO[Skin.String(FooterTextColor)]</headlinecolor>
            <textcolor>$INFO[Skin.String(FooterTextColor)]</textcolor>
            <shadowcolor>$INFO[Skin.String(FooterTextShadowColor)]</shadowcolor>
            <visible>system.getbool(lookandfeel.enablerssfeeds)</visible>
            <visible>Skin.HasTheme(classic) + !Control.IsVisible(99123)</visible>
            <visible>![[Control.IsVisible(4444) + IntegerGreaterThan(Container(4444).NumItems,0)] + [Skin.String(SubmenuLayout, horizontal) | Skin.String(SubmenuLayout, tiles)]] | Skin.String(HomeLayout, simplehor)</visible>
            <visible>[IsEmpty(Container(300).ListItem.Property(infoline)) | StringCompare(Container(300).ListItem.Property(infoline),none)]</visible>
        </control>
            
        <!--infoline-->
        <control type="label">	
            <description>InfoLine</description>
            <posx>20%</posx>
            <bottom>28</bottom>
            <width>60%</width>
            <height>50</height>
            <font>Reg28</font>
            <align>center</align>
            <label>$VAR[infolinevar]</label>
            <textcolor>$INFO[Skin.String(FooterTextColor)]</textcolor>
            <shadowcolor>$INFO[Skin.String(FooterTextShadowColor)]</shadowcolor>
            <visible>![Window.IsVisible(shutdownmenu) + !Skin.HasTheme(classic)]</visible>
            <visible>![[Control.IsVisible(4444) + IntegerGreaterThan(Container(4444).NumItems,0)] + [Skin.String(SubmenuLayout, horizontal) | Skin.String(SubmenuLayout, tiles)]] | Skin.String(HomeLayout, simplehor)</visible>
        </control>        
        
    </include>

    <!-- Power button -->
	<include name="PowerButton">
		<control type="button" id="2">
            <description>powerbutton</description>
            <width>60</width>
            <height>60</height>
            <onup>300</onup>
            <onright>300</onright>
            <onleft>300</onleft>
            <texturefocus colordiffuse="$INFO[Skin.String(ButtonFocusColor)]">common/shutdown2.png</texturefocus>
            <texturenofocus colordiffuse="white">common/shutdown2.png</texturenofocus>
            <onclick>ActivateWindow(111)</onclick>
            <onfocus>ActivateWindow(111)</onfocus>
            <include>animation_fade_visible_hidden</include>
            <visible allowhiddenfocus="true">$PARAM[visibility]</visible>
        </control>
	</include>
    
    <include name="StarRatingFooter">
        <control type="group">
            <visible>!Window.IsActive(DialogVideoInfo.xml)</visible>
            <visible>![!Skin.hastheme(classic) + Skin.HasSetting(StudioInFooter)]</visible>
            <visible>!IsEmpty(ListItem.Rating) + window.isactive(Videos)</visible>
            <bottom>20</bottom>
            <height>80</height>
            <posx>1450</posx>
            <control type="image">
                <!--Stars classic-->
                <visible>!IsEmpty(ListItem.Rating) + skin.hastheme(classic)</visible>
                <posx>60</posx>
                <posy>18</posy>
                <width>270</width>
                <height>25</height>
                <texture>$INFO[ListItem.Rating,rating/10stars_black/,.png]</texture>
            </control>
            <control type="image">
                <!--Stars modern-->
                <visible>!IsEmpty(ListItem.Rating) + !skin.hastheme(classic)</visible>
                <posx>130</posx>
                <posy>24</posy>
                <width>220</width>
                <height>45</height>
                <colordiffuse>$INFO[Skin.String(FooterTextColor)]</colordiffuse>
                <texture fallback="rating/0.0.png">$INFO[ListItem.Rating,rating/,.png]</texture>
            </control>
            <control type="label">
                <!--Rating classic-->
                <visible>!IsEmpty(ListItem.Rating) + skin.hastheme(classic)</visible>
                <posx>340</posx>
                <posy>0</posy>
                <width>100</width>
                <font>Bold30</font>
                <textcolor>$INFO[Skin.String(FooterTextColor)]</textcolor>
                <label>$INFO[ListItem.Rating]</label>
            </control>
            <control type="label">
                <!--Rating modern-->
                <visible>!IsEmpty(ListItem.Rating) + !skin.hastheme(classic)</visible>
                <posx>360</posx>
                <posy>15</posy>
                <width>100</width>
                <font>Reg36</font>
                <textcolor>$INFO[Skin.String(FooterTextColor)]</textcolor>
                <label>$INFO[ListItem.Rating]</label>
            </control>
        </control>
    </include>
    
    <include name="StarRatingMusicFooter">
        <control type="group">
            <bottom>20</bottom>
            <height>80</height>
            <right>60</right>
            <control type="image">
                <!--Stars classic-->
                <visible>!IsEmpty(ListItem.Rating) + skin.hastheme(classic)</visible>
                <right>0</right>
                <posy>18</posy>
                <width>270</width>
                <height>25</height>
                <texture fallback="leftrating/rating0.png">$INFO[ListItem.StarRating,leftrating/]</texture>
                <aspectratio>keep</aspectratio>
            </control>
            <control type="image">
                <!--Stars modern-->
                <visible>!IsEmpty(ListItem.Rating) + !skin.hastheme(classic)</visible>
                <right>0</right>
                <posy>20</posy>
                <width>220</width>
                <height>55</height>
                <colordiffuse>$INFO[Skin.String(FooterTextColor)]</colordiffuse>
                <texture fallback="leftrating/rating0.png">$INFO[ListItem.StarRating,leftrating/]</texture>
                <aspectratio>keep</aspectratio>
            </control>
        </control>
    </include>
    
    
    
</includes>