<?xml version="1.0" encoding="UTF-8"?>
<includes>

    <include name="VerticalHome">
        <!-- widgets -->
        <control type="group">
            <width>100%</width>
            <height>100%</height>
            <!-- fade when submenu active -->
            <animation type="Conditional" condition="[SubString(Window(Home).Property(submenu),show) | Control.HasFocus(4444)] + ![ControlGroup(77777).HasFocus | Control.HasFocus(4446) | Control.HasFocus(511)]">
                <effect type="fade" start="100" end="20" time="150" delay="0" tween="cubic" easing="inout" />
            </animation>
            
            <!-- infopanel -->
            <control type="group" id="77551">
                <visible>!Skin.HasSetting(HideWidgetDetailsPanel) + !Skin.HasSetting(VerticalHomeLargeWidget)</visible>
                <visible>!Substring(Window(Home).Property(widgetstyle),box)</visible>
                <visible>!ControlGroup(511).HasFocus + !Control.HasFocus(4446)</visible>
                <visible>ControlGroup(77777).HasFocus() + !StringCompare(Container(300).ListItem.Property(widget),submenuaswidget)</visible>
                <visible>!Window.IsActive(infodialog) + !Window.IsActive(extendedprogressdialog) + !Control.IsVisible(88888)</visible>
                <control type="image">
                    <right>55</right>
                    <top>0</top>
                    <width>1290</width>
                    <texture border="15">diffuse/bgpanel.png</texture>
                    <visible>!Skin.HasSetting(HideWidgetPanelBackground)</visible>
                    <colordiffuse>$INFO[Skin.String(ViewDetailsPanelColor)]</colordiffuse>
                    <aspectratio>stretch</aspectratio>
                    <height>170</height>
                    <visible>!Skin.HasSetting(LargeWidgetDetailsPanel)</visible>
                </control>
                <control type="image">
                    <right>0</right>
                    <top>0</top>
                    <width>1355</width>
                    <texture border="15">diffuse/bgpanel.png</texture>
                    <visible>!Skin.HasSetting(HideWidgetPanelBackground)</visible>
                    <colordiffuse>$INFO[Skin.String(ViewDetailsPanelColor)]</colordiffuse>
                    <aspectratio>stretch</aspectratio>
                    <height>100%</height>
                    <visible>Skin.HasSetting(LargeWidgetDetailsPanel)</visible>
                </control>
                <control type="label">
                    <right>65</right>
                    <top>5</top>
                    <width>1270</width>
                    <height>30</height>
                    <label fallback="19055">$VAR[HomeMenuWidgetInfoLabel]</label>
                    <textcolor>$INFO[Skin.String(ViewDetailsHighlightTextColor)]</textcolor>
                    <shadowcolor>$INFO[Skin.String(ViewDetailsHighlightTextShadowColor)]</shadowcolor>
                    <align>justify</align>
                    <font>Reg28</font>
                </control>
                <control type="textbox">
                    <right>65</right>
                    <top>40</top>
                    <width>1270</width>
                    <height>115</height>
                    <label fallback="19055">$VAR[HomeMenuWidgetInfoPlotAlt]</label>
                    <textcolor>$INFO[Skin.String(ViewDetailsTextColor)]</textcolor>
                    <shadowcolor>$INFO[Skin.String(ViewDetailsTextShadowColor)]</shadowcolor>
                    <align>justify</align>
                    <font>Reg24</font>
                </control>
            </control>
            
            <!-- widgets -->
            <include condition="!Skin.HasSetting(DisableAllWidgets) + !Skin.HasSetting(VerticalHomeLargeWidget)">skinshortcuts-template-VerticalHomeWidgets</include>
            <include condition="!Skin.HasSetting(DisableAllWidgets) + Skin.HasSetting(VerticalHomeLargeWidget)">skinshortcuts-template-VerticalHomeWidgetsLarge</include>
            
            <!-- fake button for submenu at focus -->
            <control type="button" id="4444">
                <right>-1</right>
                <width>1</width>
                <height>1</height>
                <onfocus>SetFocus(4446)</onfocus>
                <visible>StringCompare(Container(300).Listitem.Property(squaresubmenu),enable)</visible>
            </control>
            
            <!-- busy image while widget loading -->
            <control type="multiimage">
                <right>60</right>
                <top>250</top>
                <width>100</width>
                <height>100</height>
                <aspectratio>keep</aspectratio>
                <imagepath>$INFO[Skin.String(SkinHelper.SpinnerTexture.Path)]</imagepath>
                <timeperimage>100</timeperimage>
                <colordiffuse>$INFO[Skin.String(SpinnerTexture.Color)]</colordiffuse>
                <fadetime>0</fadetime>
                <visible>!Skin.String(SkinHelper.SpinnerTexture.Path,None)</visible>
                <visible>
                [Control.IsVisible(510) + Container(510).IsUpdating] | 
                [Control.IsVisible(520) + Container(520).IsUpdating] | 
                [Control.IsVisible(530) + Container(530).IsUpdating] | 
                [Control.IsVisible(540) + Container(540).IsUpdating]
                </visible>
            </control>
        </control>
        
        <control type="group">
            <!-- fade when widget active -->
            <animation type="Conditional" condition="Control.IsVisible(77551)">
                <effect type="fade" start="100" end="80" time="150" delay="0" tween="cubic" easing="inout" />
            </animation>
            <include condition="!Skin.String(HomeLayout, verticalbig)">HomeSimpleVertical</include>
            <include condition="Skin.String(HomeLayout, verticalbig)">HomeBigVertical</include>
        </control>
        
        <!--RSS -->			
        <control type="rss">	
            <description>RSS Feed</description>
            <right>60</right>
            <bottom>0</bottom>
            <width>1400</width>
            <height>40</height>
            <font>Light28</font>
            <urlset>1</urlset>
            <titlecolor>$INFO[Skin.String(GeneralHighlightTextColor)]</titlecolor>
            <headlinecolor>$INFO[Skin.String(FooterTextColor)]</headlinecolor>
            <textcolor>$INFO[Skin.String(GeneralHighlightTextColor)]</textcolor>
            <visible>system.getbool(lookandfeel.enablerssfeeds) + [IsEmpty(Container(300).ListItem.Property(infoline)) | StringCompare(Container(300).ListItem.Property(infoline),none)]</visible>
        </control>
        <control type="label">	
            <description>InfoLine</description>
            <right>60</right>
            <bottom>0</bottom>
            <width>1400</width>
            <height>40</height>
            <font>Light28</font>
            <font>Reg28</font>
            <align>right</align>
            <aligny>center</aligny>
            <label>[UPPERCASE]$VAR[infolinevar][/UPPERCASE]</label>
            <textcolor>$INFO[Skin.String(FooterTextColor)]</textcolor>
            <visible>!Window.IsVisible(shutdownmenu)</visible>
        </control>
        
    </include>
    
    <!-- Simple Vertical Home -->
    <include name="HomeSimpleVertical">
        <control type="group">

            <!--Panel-->
            <control type="image">
                <posy>0</posy>
                <posx>0</posx>
                <width>400</width>
                <height>100%</height>
                <texture>colors/color_white.png</texture>
                <aspectratio>stretch</aspectratio>
                <colordiffuse>$INFO[Skin.String(MainMenuPanelColor)]</colordiffuse>
                <visible>Skin.String(MainMenuPanelColor) + !Skin.String(MainMenuPanelColor,None)</visible>
            </control>

            <!--submenu normal-->
            <include condition="!Skin.HasSetting(DisableAllSubmenus) + !Skin.HasSetting(VerticalHomeInlineSubmenu)">HomeSimpleVerticalSubMenuNormal</include>

            <!-- Main menu -->
            <control type="image">
                <!-- arrow up -->
                <animation effect="fade" start="100" end="50" tween="sine" easing="inout" time="800" pulse="true" reversible="false" condition="true">Conditional</animation>
                <animation effect="slide" start="0" end="-325" time="0" delay="0" condition="Skin.HasSetting(SimpleVerHomeLeftAlign)">Conditional</animation>
                <left>355</left>
                <posy>110</posy>
                <width>25</width>
                <height>60</height>
                <aspectratio>keep</aspectratio>
                <texture>home/home_arrow_up.png</texture>
                <colordiffuse>$INFO[Skin.String(ViewDetailsListItemTextColor)]</colordiffuse>
                <visible>Container(300).HasPrevious + !Skin.HasSetting(HideHomeTileIndicators)</visible>
            </control>
            <control type="image">
                <!-- arrow down -->
                <animation effect="fade" start="100" end="50" tween="sine" easing="inout" time="800" pulse="true" reversible="false" condition="true">Conditional</animation>
                <animation effect="slide" start="0" end="-325" time="0" delay="0" condition="Skin.HasSetting(SimpleVerHomeLeftAlign)">Conditional</animation>
                <left>355</left>
                <posy>1000</posy>
                <width>25</width>
                <height>60</height>
                <aspectratio>keep</aspectratio>
                <texture>home/home_arrow_down.png</texture>
                <colordiffuse>$INFO[Skin.String(ViewDetailsListItemTextColor)]</colordiffuse>
                <visible>Container(300).HasNext + !Skin.HasSetting(HideHomeTileIndicators)</visible>
            </control>
            <control type="list" id="300">
                <animation effect="fade" time="200" start="100" end="70" reversible="true" condition="!Control.HasFocus(300)">Conditional</animation>
                <animation effect="fade" time="200" start="100" end="20" reversible="true" condition="Control.HasFocus(4444) + Skin.HasSetting(VerticalHomeInlineSubmenu)">Conditional</animation>
                <posx>10</posx>
                <posy>160</posy>
                <width>375</width>
                <include condition="Skin.String(HomeLayout, simplever_tiles)">HomeSimpleVertical_AltHeight</include>
                <height>800</height>
                <onup condition="!Skin.HasSetting(ShowProfile)">300</onup>
                <onup condition="Skin.HasSetting(ShowProfile)">Control.SetFocus(890,0)</onup>
                <ondown>300</ondown>
                <onleft condition="!Skin.HasSetting(DisablePowerMenu)">ActivateWindow(ShutdownMenu)</onleft>
                <onright condition="Control.IsVisible(4446)">Control.SetFocus(4446,0)</onright>
                <onright condition="!Control.IsVisible(4446) + IntegerGreaterThan(Container(4445).NumItems,0) + !Skin.HasSetting(OpenSubMenuOnClick)">Control.SetFocus(4444,0)</onright>
                <onright condition="!Control.IsVisible(4446) + [Skin.HasSetting(OpenSubMenuOnClick) | !IntegerGreaterThan(Container(4445).NumItems,0)]">$VAR[focusWidget]</onright>
                <scrolltime tween="quadratic">200</scrolltime>
                <movement>0</movement>
                <preloaditems>4</preloaditems>
                <itemlayout height="80" width="370" condition="!Skin.String(HomeLayout, simplever_tiles)">
                    <control type="label">
                        <right>0</right>
                        <posy>0</posy>
                        <width>350</width>
                        <height>80</height>
                        <include condition="Skin.HasSetting(SimpleVerHomeLeftAlign)">align_left</include>
                        <align>right</align>
                        <aligny>center</aligny>
                        <textcolor>$INFO[Skin.String(MainMenuTextColor)]</textcolor>
                        <focusedcolor>$INFO[Skin.String(MainMenuTextColor)]</focusedcolor>
                        <selectedcolor>$INFO[Skin.String(MainMenuTextColor)]</selectedcolor>
                        <label>$INFO[ListItem.Label]</label>
                        <font>Reg34</font>
                        <scroll>false</scroll>
                    </control>
                </itemlayout>
                <itemlayout height="verthome_tiles_height" width="375" condition="Skin.String(HomeLayout, simplever_tiles)">
                    <control type="group">
                        <width>375</width>
                        <height>verthome_tiles_height</height>
                        <control type="image">
                            <texture background="true" diffuse="home/home_matte2.png" fallback="resource://resource.images.skinicons.titan/addons.png">$INFO[ListItem.Icon]</texture>
                            <aspectratio scalediffuse="false" align="center" aligny="top">scale</aspectratio>
                            <visible>!Skin.HasSetting(ColorizeHomeVerticalTiles)</visible>
                            <bordersize>8</bordersize>
                        </control>
                        <control type="image">
                            <texture background="true" diffuse="home/home_matte2.png" fallback="resource://resource.images.skinicons.titan/addons.png">$INFO[ListItem.Icon]</texture>
                            <aspectratio scalediffuse="false" align="center" aligny="top">scale</aspectratio>
                            <colordiffuse>$INFO[Skin.String(MainMenuTextColor)]</colordiffuse>
                            <visible>Skin.HasSetting(ColorizeHomeVerticalTiles)</visible>
                            <bordersize>8</bordersize>
                        </control>
                        <control type="group">
                            <include condition="!Skin.HasSetting(NoTitleOnHomeMenuTiles)">ThumbsTagOverlay</include>
                            <visible>!StringCompare(ListItem.Property(disableLabel), disable)</visible>
                        </control>
                    </control>
                </itemlayout>
                <focusedlayout height="verthome_tiles_height" width="375" condition="Skin.String(HomeLayout, simplever_tiles) + [!Skin.HasSetting(VerticalHomeInlineSubmenu) | StringCompare(Container(300).ListItem.Property(squaresubmenu),enable)]">
                    <include>HomeSimpleVertical_FocusedMainMenuItem_tile</include>
                </focusedlayout>
                <focusedlayout height="80" width="370" condition="[StringCompare(Container(4445).NumItems,0) | IsEmpty(Container(4445).NumItems) | !StringCompare(Window(Home).Property(submenu),show) | !Skin.HasSetting(VerticalHomeInlineSubmenu) | StringCompare(Container(300).ListItem.Property(squaresubmenu),enable)] + !Skin.String(HomeLayout, simplever_tiles)">
                    <include>HomeSimpleVertical_FocusedMainMenuItem</include>
                </focusedlayout>
                
                <focusedlayout height="140" width="370" condition="StringCompare(Window(Home).Property(submenu),show) + StringCompare(Container(4445).NumItems,1) + Skin.HasSetting(VerticalHomeInlineSubmenu) + !Skin.String(HomeLayout, simplever_tiles) + !StringCompare(Container(300).ListItem.Property(squaresubmenu),enable)">
                    <include>HomeSimpleVertical_FocusedMainMenuItem</include>
                </focusedlayout>
                <focusedlayout height="205" width="370" condition="StringCompare(Window(Home).Property(submenu),show) + StringCompare(Container(4445).NumItems,2) + Skin.HasSetting(VerticalHomeInlineSubmenu) + !Skin.String(HomeLayout, simplever_tiles) + !StringCompare(Container(300).ListItem.Property(squaresubmenu),enable)">
                    <include>HomeSimpleVertical_FocusedMainMenuItem</include>
                </focusedlayout>
                <focusedlayout height="270" width="370" condition="StringCompare(Window(Home).Property(submenu),show) + StringCompare(Container(4445).NumItems,3) + Skin.HasSetting(VerticalHomeInlineSubmenu) + !Skin.String(HomeLayout, simplever_tiles) + !StringCompare(Container(300).ListItem.Property(squaresubmenu),enable)">
                    <include>HomeSimpleVertical_FocusedMainMenuItem</include>
                </focusedlayout>
                <focusedlayout height="335" width="370" condition="StringCompare(Window(Home).Property(submenu),show) + StringCompare(Container(4445).NumItems,4) + Skin.HasSetting(VerticalHomeInlineSubmenu) + !Skin.String(HomeLayout, simplever_tiles) + !StringCompare(Container(300).ListItem.Property(squaresubmenu),enable)">
                    <include>HomeSimpleVertical_FocusedMainMenuItem</include>
                </focusedlayout>
                <focusedlayout height="380" width="370" condition="StringCompare(Window(Home).Property(submenu),show) + StringCompare(Container(4445).NumItems,5) + Skin.HasSetting(VerticalHomeInlineSubmenu) + !Skin.String(HomeLayout, simplever_tiles) + !StringCompare(Container(300).ListItem.Property(squaresubmenu),enable)">
                    <include>HomeSimpleVertical_FocusedMainMenuItem</include>
                </focusedlayout>
                <focusedlayout height="460" width="370" condition="StringCompare(Window(Home).Property(submenu),show) + IntegerGreaterThan(Container(4445).NumItems,5) + Skin.HasSetting(VerticalHomeInlineSubmenu) + !Skin.String(HomeLayout, simplever_tiles) + !StringCompare(Container(300).ListItem.Property(squaresubmenu),enable)">
                    <include>HomeSimpleVertical_FocusedMainMenuItem</include>
                </focusedlayout>
                <focusedlayout height="510" width="370" condition="StringCompare(Window(Home).Property(submenu),show) + IntegerGreaterThan(Container(4445).NumItems,5) + Skin.HasSetting(VerticalHomeInlineSubmenu) + Skin.String(HomeLayout, simplever_tiles) + !StringCompare(Container(300).ListItem.Property(squaresubmenu),enable)">
                    <include>HomeSimpleVertical_FocusedMainMenuItem_tile</include>
                </focusedlayout>
                <focusedlayout height="450" width="370" condition="StringCompare(Window(Home).Property(submenu),show) + StringCompare(Container(4445).NumItems,5) + Skin.HasSetting(VerticalHomeInlineSubmenu) + Skin.String(HomeLayout, simplever_tiles) + !StringCompare(Container(300).ListItem.Property(squaresubmenu),enable)">
                    <include>HomeSimpleVertical_FocusedMainMenuItem_tile</include>
                </focusedlayout>
                <focusedlayout height="450" width="310" condition="StringCompare(Window(Home).Property(submenu),show) + StringCompare(Container(4445).NumItems,4) + Skin.HasSetting(VerticalHomeInlineSubmenu) + Skin.String(HomeLayout, simplever_tiles) + !StringCompare(Container(300).ListItem.Property(squaresubmenu),enable)">
                    <include>HomeSimpleVertical_FocusedMainMenuItem_tile</include>
                </focusedlayout>
                <focusedlayout height="390" width="370" condition="StringCompare(Window(Home).Property(submenu),show) + StringCompare(Container(4445).NumItems,4) + Skin.HasSetting(VerticalHomeInlineSubmenu) + Skin.String(HomeLayout, simplever_tiles) + !StringCompare(Container(300).ListItem.Property(squaresubmenu),enable)">
                    <include>HomeSimpleVertical_FocusedMainMenuItem_tile</include>
                </focusedlayout>
                <focusedlayout height="330" width="370" condition="StringCompare(Window(Home).Property(submenu),show) + StringCompare(Container(4445).NumItems,3) + Skin.HasSetting(VerticalHomeInlineSubmenu) + Skin.String(HomeLayout, simplever_tiles) + !StringCompare(Container(300).ListItem.Property(squaresubmenu),enable)">
                    <include>HomeSimpleVertical_FocusedMainMenuItem_tile</include>
                </focusedlayout>
                <focusedlayout height="270" width="370" condition="StringCompare(Window(Home).Property(submenu),show) + StringCompare(Container(4445).NumItems,2) + Skin.HasSetting(VerticalHomeInlineSubmenu) + Skin.String(HomeLayout, simplever_tiles) + !StringCompare(Container(300).ListItem.Property(squaresubmenu),enable)">
                    <include>HomeSimpleVertical_FocusedMainMenuItem_tile</include>
                </focusedlayout>
                <focusedlayout height="210" width="370" condition="StringCompare(Window(Home).Property(submenu),show) + StringCompare(Container(4445).NumItems,1) + Skin.HasSetting(VerticalHomeInlineSubmenu) + Skin.String(HomeLayout, simplever_tiles) + !StringCompare(Container(300).ListItem.Property(squaresubmenu),enable)">
                    <include>HomeSimpleVertical_FocusedMainMenuItem_tile</include>
                </focusedlayout>
                <content><include>skinshortcuts-mainmenu</include></content>
            </control>
            
            <!--submenu inline-->
            <include condition="!Skin.HasSetting(DisableAllSubmenus) + Skin.HasSetting(VerticalHomeInlineSubmenu)">HomeSimpleVerticalSubMenuInline</include>
            <!-- Power button -->
            <control type="group">
                <posx>20</posx>
                <bottom>5</bottom>
                <width>60</width>
                <height>60</height>
                <include name="PowerButton" content="PowerButton" condition="!Skin.HasSetting(EnableTouchSupport) + !Skin.HasSetting(DisablePowerMenu)">
                    <param name="visibility" value="!Skin.HasSetting(HidePowerMenu)" />
                </include>
            </control>
            <!-- touchscreen support -->
            <include condition="Skin.HasSetting(EnableTouchSupport)">TouchControlsFooter</include>
        
        </control>
    </include>
	<include name="HomeSimpleVertical_FocusedMainMenuItem">
		<!-- menu label -->
		<control type="label">
			<right>0</right>
			<width>350</width>
			<height>80</height>
            <include condition="Skin.HasSetting(SimpleVerHomeLeftAlign)">align_left</include>
			<align>right</align>
			<aligny>center</aligny>
			<textcolor>$INFO[Skin.String(MainMenuFocusTextColor)]</textcolor>
			<label>[B]$INFO[ListItem.Label][/B]</label>
			<font>Reg38</font>
            <scroll>true</scroll>
            <animation effect="fade" start="100" end="60" time="150" condition="!Control.HasFocus(300)">Conditional</animation>
            <animation effect="zoom" start="80" end="102" center="left" time="150" tween="elastic" easing="inout" pulse="false" condition="Skin.HasSetting(Vertical_Home_Animation)">Focus</animation>
		</control>
        <include>HiddenHomeMenuButton</include>
	</include>
	<include name="HomeSimpleVertical_FocusedMainMenuItem_tile">
		<control type="group">
			<width>375</width>
			<height>verthome_tiles_height</height>
			<control type="image">
				<texture>home/home_matte2.png</texture>
				<colordiffuse>$VAR[ViewDetailsFocusColor]</colordiffuse>
                <visible>!Skin.HasSetting(ColorizeHomeVerticalTiles)</visible>
			</control>
			<control type="image">
				<bordersize>8</bordersize>
				<texture background="true" diffuse="home/home_matte2.png" fallback="resource://resource.images.skinicons.titan/addons.png">$INFO[ListItem.Icon]</texture>
				<aspectratio scalediffuse="false" align="center" aligny="top">scale</aspectratio>
                <visible>!Skin.HasSetting(ColorizeHomeVerticalTiles)</visible>
			</control>
            <control type="image">
				<bordersize>8</bordersize>
				<texture background="true" diffuse="home/home_matte2.png" fallback="resource://resource.images.skinicons.titan/addons.png">$INFO[ListItem.Icon]</texture>
				<aspectratio scalediffuse="false" align="center" aligny="top">scale</aspectratio>
                <colordiffuse>$INFO[Skin.String(MainMenuFocusTextColor)]</colordiffuse>
                <visible>Skin.HasSetting(ColorizeHomeVerticalTiles)</visible>
			</control>
			<control type="group">
				<include condition="!Skin.HasSetting(NoTitleOnHomeMenuTiles)">ThumbsTagOverlay</include>
				<visible>!StringCompare(ListItem.Property(disableLabel), disable)</visible>
			</control>
			<include>HiddenHomeMenuButton</include>
		</control>
	</include>
    <include name="HomeSimpleVertical_AltHeight">
        <height>850</height>
    </include>
    <include name="HomeSimpleVerticalSubMenuNormal">
		<!-- submenu -->
		<control type="group">
			<posx>420</posx>
			<posy>170</posy>
			<animation type="Conditional" condition="Control.IsVisible(4444)">
				<effect type="fade" start="0" end="100" time="250" delay="0" />
			</animation>
			<animation type="Conditional" condition="!Control.IsVisible(4444) | Control.IsVisible(4446)">
				<effect type="fade" start="100" end="0" time="150" delay="0" />
			</animation>
            <animation type="Conditional" condition="!Control.IsVisible(4444) | Control.IsVisible(4446)">
				<effect type="slide" start="0" end="-300" time="5" delay="145" />
			</animation>
			<animation type="Conditional" condition="IntegerGreaterThan(Container(300).Position,0) + !Skin.String(HomeLayout, simplever_tiles)">
				<effect type="slide" end="0,80" time="0" delay="0" />
			</animation>
			<animation type="Conditional" condition="IntegerGreaterThan(Container(300).Position,1) + !Skin.String(HomeLayout, simplever_tiles)">
				<effect type="slide" end="0,80" time="0" delay="0" />
			</animation>
			<animation type="Conditional" condition="IntegerGreaterThan(Container(300).Position,2) + !Skin.String(HomeLayout, simplever_tiles)">
				<effect type="slide" end="0,80" time="0" delay="0" />
			</animation>
			<animation type="Conditional" condition="IntegerGreaterThan(Container(300).Position,3) + !Skin.String(HomeLayout, simplever_tiles)">
				<effect type="slide" end="0,80" time="0" delay="0" />
			</animation>
			<animation type="Conditional" condition="IntegerGreaterThan(Container(300).Position,4) + !Skin.String(HomeLayout, simplever_tiles)">
				<effect type="slide" end="0,80" time="0" delay="0" />
			</animation>
			<animation type="Conditional" condition="IntegerGreaterThan(Container(300).Position,0) + Skin.String(HomeLayout, simplever_tiles)">
				<effect type="slide" end="0,170" time="0" delay="0" />
			</animation>
			<animation type="Conditional" condition="IntegerGreaterThan(Container(300).Position,1) + Skin.String(HomeLayout, simplever_tiles)">
				<effect type="slide" end="0,170" time="0" delay="0" />
			</animation>
			<animation type="Conditional" condition="IntegerGreaterThan(Container(300).Position,2) + Skin.String(HomeLayout, simplever_tiles)">
				<effect type="slide" end="0,170" time="0" delay="0" />
			</animation>
			<animation type="Conditional" condition="IntegerGreaterThan(Container(300).Position,3) + Skin.String(HomeLayout, simplever_tiles)">
				<effect type="slide" end="0,10" time="0" delay="0" />
			</animation>

			<!--Panel-->
			<control type="image">
				<posy>-10</posy>
				<posx>-20</posx>
				<width>360</width>
				<height>400</height>
				<texture border="5">diffuse/panel.png</texture>
                <colordiffuse>$INFO[Skin.String(MainMenuPanelColor)]</colordiffuse>
                <visible>Skin.String(MainMenuPanelColor) + !Skin.String(MainMenuPanelColor,None)</visible>
				<aspectratio>stretch</aspectratio>
			</control>
			<control type="list" id="4444">
				<visible allowhiddenfocus="true">[SubString(Window(Home).Property(submenu),show) | control.hasfocus(4444)] + IntegerGreaterThan(Container(4445).NumItems,0) + !StringCompare(Container(300).ListItem.Property(squaresubmenu),enable)</visible>
				<visible>!Skin.HasSetting(DisableAllSubmenus)</visible>
				<width>310</width>
				<height>380</height>
				<itemgap>3</itemgap>
				<onleft>300</onleft>
				<onleft>ClearProperty(submenu,home)</onleft>
				<onright condition="!Skin.HasSetting(AutoShowSubmenu)">ClearProperty(submenu,home)</onright>
				<onright>77777</onright>
				<onup>4444</onup>
				<ondown>4444</ondown>
				<onback>300</onback>
				<onback>ClearProperty(submenu,home)</onback>
				<focusposition>0</focusposition>
				<movement>3</movement>
				<itemlayout width="320" height="65">
                    <control type="label">
                        <posx>10</posx>
                        <width>290</width>
                        <align>left</align>
                        <font>Reg26</font>
                        <height>60</height>
                        <textcolor>$INFO[Skin.String(MainMenuTextColor)]</textcolor>
                        <label>$INFO[ListItem.Label]</label>
                    </control>
				</itemlayout>
				<focusedlayout width="320" height="65">
                    <control type="label">
                        <posx>10</posx>
                        <width>290</width>
                        <align>left</align>
                        <font>Reg28</font>
                        <height>60</height>
                        <textcolor>$INFO[Skin.String(MainMenuFocusTextColor)]</textcolor>
                        <label>[B]$INFO[ListItem.Label][/B]</label>
                        <scroll>true</scroll>
                    </control>
                    <control type="button">
                        <label>-</label>
                        <visible>false</visible>
                        <onfocus>SetProperty(submenu,show,home)</onfocus>
                    </control>
				</focusedlayout>
				<content>
                    <include condition="!Skin.HasSetting(DisableAllSubmenus)">skinshortcuts-submenu</include>
				</content>
			</control>
		</control>
	</include>
	<include name="HomeSimpleVerticalSubMenuInline">
		<control type="group">
			<posx>25</posx>
			<posy>150</posy>
			<animation type="Conditional" condition="IntegerGreaterThan(Container(300).Position,0) + !Skin.String(HomeLayout, simplever_tiles)">
				<effect type="slide" end="0,80" time="0" delay="0" />
			</animation>
			<animation type="Conditional" condition="IntegerGreaterThan(Container(300).Position,1) + !Skin.String(HomeLayout, simplever_tiles)">
				<effect type="slide" end="0,80" time="0" delay="0" />
			</animation>
			<animation type="Conditional" condition="IntegerGreaterThan(Container(300).Position,2) + !Skin.String(HomeLayout, simplever_tiles)">
				<effect type="slide" end="0,80" time="0" delay="0" />
			</animation>
			<animation type="Conditional" condition="IntegerGreaterThan(Container(300).Position,3) + !Skin.String(HomeLayout, simplever_tiles)">
				<effect type="slide" end="0,80" time="0" delay="0" />
			</animation>
			<animation type="Conditional" condition="IntegerGreaterThan(Container(300).Position,4) + !Skin.String(HomeLayout, simplever_tiles)">
				<effect type="slide" end="0,80" time="0" delay="0" />
			</animation>
			<animation type="Conditional" condition="IntegerGreaterThan(Container(300).Position,5) + !Skin.String(HomeLayout, simplever_tiles)">
				<effect type="slide" end="0,80" time="0" delay="0" />
			</animation>
			<animation type="Conditional" condition="Skin.String(HomeLayout, simplever_tiles)">
				<effect type="slide" end="0,70" time="0" delay="0" />
			</animation>
			<animation type="Conditional" condition="IntegerGreaterThan(Container(300).Position,0) + Skin.String(HomeLayout, simplever_tiles)">
				<effect type="slide" end="0,170" time="0" delay="0" />
			</animation>
			<animation type="Conditional" condition="IntegerGreaterThan(Container(300).Position,1) + Skin.String(HomeLayout, simplever_tiles)">
				<effect type="slide" end="0,170" time="0" delay="0" />
			</animation>
			<animation type="Conditional" condition="IntegerGreaterThan(Container(300).Position,2) + Skin.String(HomeLayout, simplever_tiles)">
				<effect type="slide" end="0,170" time="0" delay="0" />
			</animation>
			<animation type="Conditional" condition="IntegerGreaterThan(Container(300).Position,3) + Skin.String(HomeLayout, simplever_tiles)">
				<effect type="slide" end="0,170" time="0" delay="0" />
			</animation>
			<animation type="Conditional" condition="IntegerGreaterThan(Container(300).Position,4) + Skin.String(HomeLayout, simplever_tiles)">
				<effect type="slide" end="0,170" time="0" delay="0" />
			</animation>
			<animation type="Conditional" condition="IntegerGreaterThan(Container(300).Position,5) + Skin.String(HomeLayout, simplever_tiles)">
				<effect type="slide" end="0,170" time="0" delay="0" />
			</animation>
		
			<control type="list" id="4444">
				<visible allowhiddenfocus="true">[SubString(Window(Home).Property(submenu),show) | control.hasfocus(4444)] + IntegerGreaterThan(Container(4445).NumItems,0)</visible>
				<visible>!Skin.HasSetting(DisableAllSubmenus) + !StringCompare(Container(300).ListItem.Property(squaresubmenu),enable)</visible>
				<animation effect="slide" end="-580" time="0" condition="!SubString(Window(Home).Property(submenu),show)">Conditional</animation>
				<animation effect="slide" start="0" end="0,80" time="0" reversible="false" condition="Skin.HasSetting(VerticalHomeInlineSubmenu)">Conditional</animation>
				<width>350</width>
				<posx>0</posx>
				<posy>0</posy>
				<height>440</height>
				<itemgap>3</itemgap>
				<onleft>300</onleft>
				<onleft condition="!Skin.HasSetting(AutoShowSubmenu)">ClearProperty(submenu,home)</onleft>
				<onright>77777</onright>
				<onright condition="!Skin.HasSetting(AutoShowSubmenu)">ClearProperty(submenu,home)</onright>
				<onup condition="!Skin.HasSetting(AutoShowSubmenu)">ClearProperty(submenu,home)</onup>
				<ondown condition="!Skin.HasSetting(AutoShowSubmenu)">ClearProperty(submenu,home)</ondown>
				<onup>300</onup>
				<ondown>Control.Move(300,1)</ondown>
				<ondown>300</ondown>
				<onback>300</onback>
				<onback condition="!Skin.HasSetting(AutoShowSubmenu)">ClearProperty(submenu,home)</onback>
				<focusposition>0</focusposition>
				<movement>3</movement>
				<itemlayout width="400" height="65">
                    <control type="label">
                        <posx>0</posx>
                        <width>350</width>
                        <align>right</align>
                        <font>Reg28</font>
                        <height>60</height>
                        <textcolor>$INFO[Skin.String(MainMenuTextColor)]</textcolor>
                        <label>$INFO[ListItem.Label]</label>
                        <animation effect="fade" time="200" start="100" end="60" reversible="true" condition="!Control.HasFocus(4444)">Conditional</animation>
                    </control>
                </itemlayout>
				<focusedlayout width="320" height="65">
                    <control type="label">
                        <posx>0</posx>
                        <width>350</width>
                        <align>right</align>
                        <font>Reg28</font>
                        <height>60</height>
                        <textcolor>$INFO[Skin.String(MainMenuTextColor)]</textcolor>
                        <label>$INFO[ListItem.Label]</label>
                        <visible>!Control.HasFocus(4444)</visible>
                        <animation effect="fade" time="200" start="100" end="60" reversible="true" condition="!Control.HasFocus(4444)">Conditional</animation>
                    </control>
                    <control type="label">
                        <posx>0</posx>
                        <width>350</width>
                        <align>right</align>
                        <font>Reg28</font>
                        <height>60</height>
                        <textcolor>$INFO[Skin.String(MainMenuFocusTextColor)]</textcolor>
                        <label>$INFO[ListItem.Label]</label>
                        <visible>Control.HasFocus(4444)</visible>
                        <animation effect="fade" time="200" start="100" end="60" reversible="true" condition="!Control.HasFocus(4444)">Conditional</animation>
                    </control>
                    <control type="button">
                        <label>-</label>
                        <visible>false</visible>
                        <onfocus>SetProperty(submenu,show,home)</onfocus>
                    </control>
				</focusedlayout>
				<content>
                    <include>skinshortcuts-submenu</include>
				</content>
            </control>
		</control>
    </include>
    
    <!-- Big Vertical Home -->
    <include name="HomeBigVertical">
		<control type="group">
			<top>0</top>
			<animation effect="slide" tween="cubic" time="600" start="-818" end="0" reversible="false" condition="!Skin.String(HomeLayout,netflix2)">WindowOpen</animation>
			<animation effect="slide" tween="cubic" time="150" start="0" end="-818" reversible="false" condition="!Skin.String(HomeLayout,netflix2)">WindowClose</animation>
			<animation effect="slide" tween="cubic" time="600" start="-818" end="0" reversible="false" condition="!Skin.String(HomeLayout,netflix2)">Visible</animation>
			<animation effect="slide" tween="cubic" time="150" start="0" end="-818" reversible="false" condition="!Skin.String(HomeLayout,netflix2)">Hidden</animation>
			
            <!-- Submenu -->
            <control type="group" id="9001">
				<control type="list" id="4444">
                    <visible>!StringCompare(Container(300).ListItem.Property(squaresubmenu),enable)</visible>
					<animation effect="slide" time="150" tween="cubic" easing="inout" start="0" end="0,120" condition="Container(300).Position(1) + [StringCompare(Container(4444).NumItems,1) | StringCompare(Container(4444).NumItems,2) | StringCompare(Container(4444).NumItems,3) | StringCompare(Container(4444).NumItems,4) | StringCompare(Container(4444).NumItems,5) | StringCompare(Container(4444).NumItems,6) | StringCompare(Container(4444).NumItems,7) | StringCompare(Container(4444).NumItems,8) | StringCompare(Container(4444).NumItems,9) | StringCompare(Container(4444).NumItems,10) | StringCompare(Container(4444).NumItems,11) | StringCompare(Container(4444).NumItems,12) | StringCompare(Container(4444).NumItems,13)]">Conditional</animation>
					<animation effect="slide" time="150" tween="cubic" easing="inout" start="0" end="0,72" condition="Container(300).Position(1) + [StringCompare(Container(4444).NumItems,14)]">Conditional</animation>
					<animation effect="slide" time="150" tween="cubic" easing="inout" start="0" end="0,240" condition="Container(300).Position(2) + [StringCompare(Container(4444).NumItems,1) | StringCompare(Container(4444).NumItems,2) | StringCompare(Container(4444).NumItems,3) | StringCompare(Container(4444).NumItems,4) | StringCompare(Container(4444).NumItems,5) | StringCompare(Container(4444).NumItems,6) | StringCompare(Container(4444).NumItems,7) | StringCompare(Container(4444).NumItems,8) | StringCompare(Container(4444).NumItems,9) | StringCompare(Container(4444).NumItems,10) | StringCompare(Container(4444).NumItems,11)]">Conditional</animation>
					<animation effect="slide" time="150" tween="cubic" easing="inout" start="0" end="0,216" condition="Container(300).Position(2) + [StringCompare(Container(4444).NumItems,12)]">Conditional</animation>
					<animation effect="slide" time="150" tween="cubic" easing="inout" start="0" end="0,144" condition="Container(300).Position(2) + [StringCompare(Container(4444).NumItems,13)]">Conditional</animation>
					<animation effect="slide" time="150" tween="cubic" easing="inout" start="0" end="0,72" condition="Container(300).Position(2) + [StringCompare(Container(4444).NumItems,14)]">Conditional</animation>
					<animation effect="slide" time="150" tween="cubic" easing="inout" start="0" end="0,360" condition="Container(300).Position(3) + [StringCompare(Container(4444).NumItems,1) | StringCompare(Container(4444).NumItems,2) | StringCompare(Container(4444).NumItems,3) | StringCompare(Container(4444).NumItems,4) | StringCompare(Container(4444).NumItems,5) | StringCompare(Container(4444).NumItems,6) | StringCompare(Container(4444).NumItems,7) | StringCompare(Container(4444).NumItems,8) | StringCompare(Container(4444).NumItems,9) | StringCompare(Container(4444).NumItems,10)]">Conditional</animation>
					<animation effect="slide" time="150" tween="cubic" easing="inout" start="0" end="0,288" condition="Container(300).Position(3) + [StringCompare(Container(4444).NumItems,11)]">Conditional</animation>
					<animation effect="slide" time="150" tween="cubic" easing="inout" start="0" end="0,216" condition="Container(300).Position(3) + [StringCompare(Container(4444).NumItems,12)]">Conditional</animation>
					<animation effect="slide" time="150" tween="cubic" easing="inout" start="0" end="0,144" condition="Container(300).Position(3) + [StringCompare(Container(4444).NumItems,13)]">Conditional</animation>
					<animation effect="slide" time="150" tween="cubic" easing="inout" start="0" end="0,72" condition="Container(300).Position(3) + [StringCompare(Container(4444).NumItems,14)]">Conditional</animation>
					<animation effect="slide" time="150" tween="cubic" easing="inout" start="0" end="0,480" condition="Container(300).Position(4) + [StringCompare(Container(4444).NumItems,1) | StringCompare(Container(4444).NumItems,2) | StringCompare(Container(4444).NumItems,3) | StringCompare(Container(4444).NumItems,4) | StringCompare(Container(4444).NumItems,5) | StringCompare(Container(4444).NumItems,6) | StringCompare(Container(4444).NumItems,7) | StringCompare(Container(4444).NumItems,8)]">Conditional</animation>
					<animation effect="slide" time="150" tween="cubic" easing="inout" start="0" end="0,432" condition="Container(300).Position(4) + [StringCompare(Container(4444).NumItems,9)]">Conditional</animation>
					<animation effect="slide" time="150" tween="cubic" easing="inout" start="0" end="0,360" condition="Container(300).Position(4) + [StringCompare(Container(4444).NumItems,10)]">Conditional</animation>
					<animation effect="slide" time="150" tween="cubic" easing="inout" start="0" end="0,288" condition="Container(300).Position(4) + [StringCompare(Container(4444).NumItems,11)]">Conditional</animation>
					<animation effect="slide" time="150" tween="cubic" easing="inout" start="0" end="0,216" condition="Container(300).Position(4) + [StringCompare(Container(4444).NumItems,12)]">Conditional</animation>
					<animation effect="slide" time="150" tween="cubic" easing="inout" start="0" end="0,144" condition="Container(300).Position(4) + [StringCompare(Container(4444).NumItems,13)]">Conditional</animation>
					<animation effect="slide" time="150" tween="cubic" easing="inout" start="0" end="0,72" condition="Container(300).Position(4) + [StringCompare(Container(4444).NumItems,14)]">Conditional</animation>
					<animation effect="slide" time="150" tween="cubic" easing="inout" start="0" end="0,600" condition="Container(300).Position(5) + [StringCompare(Container(4444).NumItems,1) | StringCompare(Container(4444).NumItems,2) | StringCompare(Container(4444).NumItems,3) | StringCompare(Container(4444).NumItems,4) | StringCompare(Container(4444).NumItems,5) | StringCompare(Container(4444).NumItems,6)]">Conditional</animation>
					<animation effect="slide" time="150" tween="cubic" easing="inout" start="0" end="0,576" condition="Container(300).Position(5) + [StringCompare(Container(4444).NumItems,7)]">Conditional</animation>
					<animation effect="slide" time="150" tween="cubic" easing="inout" start="0" end="0,504" condition="Container(300).Position(5) + [StringCompare(Container(4444).NumItems,8)]">Conditional</animation>
					<animation effect="slide" time="150" tween="cubic" easing="inout" start="0" end="0,432" condition="Container(300).Position(5) + [StringCompare(Container(4444).NumItems,9)]">Conditional</animation>
					<animation effect="slide" time="150" tween="cubic" easing="inout" start="0" end="0,360" condition="Container(300).Position(5) + [StringCompare(Container(4444).NumItems,10)]">Conditional</animation>
					<animation effect="slide" time="150" tween="cubic" easing="inout" start="0" end="0,288" condition="Container(300).Position(5) + [StringCompare(Container(4444).NumItems,11)]">Conditional</animation>
					<animation effect="slide" time="150" tween="cubic" easing="inout" start="0" end="0,216" condition="Container(300).Position(5) + [StringCompare(Container(4444).NumItems,12)]">Conditional</animation>
					<animation effect="slide" time="150" tween="cubic" easing="inout" start="0" end="0,144" condition="Container(300).Position(5) + [StringCompare(Container(4444).NumItems,13)]">Conditional</animation>
					<animation effect="slide" time="150" tween="cubic" easing="inout" start="0" end="0,72" condition="Container(300).Position(5) + [StringCompare(Container(4444).NumItems,14)]">Conditional</animation>
					<animation effect="slide" time="150" tween="cubic" easing="inout" start="0" end="0,720" condition="Container(300).Position(6) + [StringCompare(Container(4444).NumItems,1) | StringCompare(Container(4444).NumItems,2) | StringCompare(Container(4444).NumItems,3) | StringCompare(Container(4444).NumItems,4) | StringCompare(Container(4444).NumItems,5)]">Conditional</animation>
					<animation effect="slide" time="150" tween="cubic" easing="inout" start="0" end="0,648" condition="Container(300).Position(6) + [StringCompare(Container(4444).NumItems,6)]">Conditional</animation>
					<animation effect="slide" time="150" tween="cubic" easing="inout" start="0" end="0,576" condition="Container(300).Position(6) + [StringCompare(Container(4444).NumItems,7)]">Conditional</animation>
					<animation effect="slide" time="150" tween="cubic" easing="inout" start="0" end="0,504" condition="Container(300).Position(6) + [StringCompare(Container(4444).NumItems,8)]">Conditional</animation>
					<animation effect="slide" time="150" tween="cubic" easing="inout" start="0" end="0,432" condition="Container(300).Position(6) + [StringCompare(Container(4444).NumItems,9)]">Conditional</animation>
					<animation effect="slide" time="150" tween="cubic" easing="inout" start="0" end="0,360" condition="Container(300).Position(6) + [StringCompare(Container(4444).NumItems,10)]">Conditional</animation>
					<animation effect="slide" time="150" tween="cubic" easing="inout" start="0" end="0,288" condition="Container(300).Position(6) + [StringCompare(Container(4444).NumItems,11)]">Conditional</animation>
					<animation effect="slide" time="150" tween="cubic" easing="inout" start="0" end="0,216" condition="Container(300).Position(6) + [StringCompare(Container(4444).NumItems,12)]">Conditional</animation>
					<animation effect="slide" time="150" tween="cubic" easing="inout" start="0" end="0,144" condition="Container(300).Position(6) + [StringCompare(Container(4444).NumItems,13)]">Conditional</animation>
					<animation effect="slide" time="150" tween="cubic" easing="inout" start="0" end="0,72" condition="Container(300).Position(6) + [StringCompare(Container(4444).NumItems,14)]">Conditional</animation>
					<animation effect="slide" time="150" tween="cubic" easing="inout" start="0" end="0,840" condition="Container(300).Position(7) + [StringCompare(Container(4444).NumItems,1) | StringCompare(Container(4444).NumItems,2) | StringCompare(Container(4444).NumItems,3)]">Conditional</animation>
					<animation effect="slide" time="150" tween="cubic" easing="inout" start="0" end="0,792" condition="Container(300).Position(7) + [StringCompare(Container(4444).NumItems,4)]">Conditional</animation>
					<animation effect="slide" time="150" tween="cubic" easing="inout" start="0" end="0,720" condition="Container(300).Position(7) + [StringCompare(Container(4444).NumItems,5)]">Conditional</animation>
					<animation effect="slide" time="150" tween="cubic" easing="inout" start="0" end="0,648" condition="Container(300).Position(7) + [StringCompare(Container(4444).NumItems,6)]">Conditional</animation>
					<animation effect="slide" time="150" tween="cubic" easing="inout" start="0" end="0,576" condition="Container(300).Position(7) + [StringCompare(Container(4444).NumItems,7)]">Conditional</animation>
					<animation effect="slide" time="150" tween="cubic" easing="inout" start="0" end="0,504" condition="Container(300).Position(7) + [StringCompare(Container(4444).NumItems,8)]">Conditional</animation>
					<animation effect="slide" time="150" tween="cubic" easing="inout" start="0" end="0,432" condition="Container(300).Position(7) + [StringCompare(Container(4444).NumItems,9)]">Conditional</animation>
					<animation effect="slide" time="150" tween="cubic" easing="inout" start="0" end="0,360" condition="Container(300).Position(7) + [StringCompare(Container(4444).NumItems,10)]">Conditional</animation>
					<animation effect="slide" time="150" tween="cubic" easing="inout" start="0" end="0,288" condition="Container(300).Position(7) + [StringCompare(Container(4444).NumItems,11)]">Conditional</animation>
					<animation effect="slide" time="150" tween="cubic" easing="inout" start="0" end="0,216" condition="Container(300).Position(7) + [StringCompare(Container(4444).NumItems,12)]">Conditional</animation>
					<animation effect="slide" time="150" tween="cubic" easing="inout" start="0" end="0,144" condition="Container(300).Position(7) + [StringCompare(Container(4444).NumItems,13)]">Conditional</animation>
					<animation effect="slide" time="150" tween="cubic" easing="inout" start="0" end="0,72" condition="Container(300).Position(7) + [StringCompare(Container(4444).NumItems,14)]">Conditional</animation>
					<animation effect="slide" time="150" tween="cubic" easing="inout" start="0" end="0,960" condition="Container(300).Position(8) + [StringCompare(Container(4444).NumItems,1)]">Conditional</animation>
					<animation effect="slide" time="150" tween="cubic" easing="inout" start="0" end="0,936" condition="Container(300).Position(8) + [StringCompare(Container(4444).NumItems,2)]">Conditional</animation>
					<animation effect="slide" time="150" tween="cubic" easing="inout" start="0" end="0,864" condition="Container(300).Position(8) + [StringCompare(Container(4444).NumItems,3)]">Conditional</animation>
					<animation effect="slide" time="150" tween="cubic" easing="inout" start="0" end="0,792" condition="Container(300).Position(8) + [StringCompare(Container(4444).NumItems,4)]">Conditional</animation>
					<animation effect="slide" time="150" tween="cubic" easing="inout" start="0" end="0,720" condition="Container(300).Position(8) + [StringCompare(Container(4444).NumItems,5)]">Conditional</animation>
					<animation effect="slide" time="150" tween="cubic" easing="inout" start="0" end="0,648" condition="Container(300).Position(8) + [StringCompare(Container(4444).NumItems,6)]">Conditional</animation>
					<animation effect="slide" time="150" tween="cubic" easing="inout" start="0" end="0,576" condition="Container(300).Position(8) + [StringCompare(Container(4444).NumItems,7)]">Conditional</animation>
					<animation effect="slide" time="150" tween="cubic" easing="inout" start="0" end="0,504" condition="Container(300).Position(8) + [StringCompare(Container(4444).NumItems,8)]">Conditional</animation>
					<animation effect="slide" time="150" tween="cubic" easing="inout" start="0" end="0,432" condition="Container(300).Position(8) + [StringCompare(Container(4444).NumItems,9)]">Conditional</animation>
					<animation effect="slide" time="150" tween="cubic" easing="inout" start="0" end="0,360" condition="Container(300).Position(8) + [StringCompare(Container(4444).NumItems,10)]">Conditional</animation>
					<animation effect="slide" time="150" tween="cubic" easing="inout" start="0" end="0,288" condition="Container(300).Position(8) + [StringCompare(Container(4444).NumItems,11)]">Conditional</animation>
					<animation effect="slide" time="150" tween="cubic" easing="inout" start="0" end="0,216" condition="Container(300).Position(8) + [StringCompare(Container(4444).NumItems,12)]">Conditional</animation>
					<animation effect="slide" time="150" tween="cubic" easing="inout" start="0" end="0,144" condition="Container(300).Position(8) + [StringCompare(Container(4444).NumItems,13)]">Conditional</animation>
					<animation effect="slide" time="150" tween="cubic" easing="inout" start="0" end="0,72" condition="Container(300).Position(8) + [StringCompare(Container(4444).NumItems,14)]">Conditional</animation>
                    
                    <animation effect="slide" time="150" tween="cubic" easing="inout" start="0" end="0,1080" condition="Container(300).Position(9) + [StringCompare(Container(4444).NumItems,1)]">Conditional</animation>
					<animation effect="slide" time="150" tween="cubic" easing="inout" start="0" end="0,1056" condition="Container(300).Position(9) + [StringCompare(Container(4444).NumItems,2)]">Conditional</animation>
					<animation effect="slide" time="150" tween="cubic" easing="inout" start="0" end="0,984" condition="Container(300).Position(9) + [StringCompare(Container(4444).NumItems,3)]">Conditional</animation>
					<animation effect="slide" time="150" tween="cubic" easing="inout" start="0" end="0,912" condition="Container(300).Position(9) + [StringCompare(Container(4444).NumItems,4)]">Conditional</animation>
					<animation effect="slide" time="150" tween="cubic" easing="inout" start="0" end="0,840" condition="Container(300).Position(9) + [StringCompare(Container(4444).NumItems,5)]">Conditional</animation>
					<animation effect="slide" time="150" tween="cubic" easing="inout" start="0" end="0,768" condition="Container(300).Position(9) + [StringCompare(Container(4444).NumItems,6)]">Conditional</animation>
					<animation effect="slide" time="150" tween="cubic" easing="inout" start="0" end="0,696" condition="Container(300).Position(9) + [StringCompare(Container(4444).NumItems,7)]">Conditional</animation>
					<animation effect="slide" time="150" tween="cubic" easing="inout" start="0" end="0,624" condition="Container(300).Position(9) + [StringCompare(Container(4444).NumItems,8)]">Conditional</animation>
					<animation effect="slide" time="150" tween="cubic" easing="inout" start="0" end="0,552" condition="Container(300).Position(9) + [StringCompare(Container(4444).NumItems,9)]">Conditional</animation>
					<animation effect="slide" time="150" tween="cubic" easing="inout" start="0" end="0,480" condition="Container(300).Position(9) + [StringCompare(Container(4444).NumItems,10)]">Conditional</animation>
					<animation effect="slide" time="150" tween="cubic" easing="inout" start="0" end="0,408" condition="Container(300).Position(9) + [StringCompare(Container(4444).NumItems,11)]">Conditional</animation>
					<animation effect="slide" time="150" tween="cubic" easing="inout" start="0" end="0,336" condition="Container(300).Position(9) + [StringCompare(Container(4444).NumItems,12)]">Conditional</animation>
					<animation effect="slide" time="150" tween="cubic" easing="inout" start="0" end="0,264" condition="Container(300).Position(9) + [StringCompare(Container(4444).NumItems,13)]">Conditional</animation>
					<animation effect="slide" time="150" tween="cubic" easing="inout" start="0" end="0,192" condition="Container(300).Position(9) + [StringCompare(Container(4444).NumItems,14)]">Conditional</animation>
					<animation effect="slide" time="150" start="0" end="818" condition="Control.HasFocus(4444) | SubString(Window(Home).Property(submenu),show)">Conditional</animation>
					<animation effect="fade" start="0" end="100" time="50" delay="250" condition="Control.HasFocus(4444) | SubString(Window(Home).Property(submenu),show)">Conditional</animation>
					<left>-384</left>
					<top>0</top>
					<width>384</width>
					<height>1080</height>
					<onup>4444</onup>
					<ondown>4444</ondown>
					<onleft>300</onleft>
                    <onback>ClearProperty(submenu, Home)</onback>
                    <onleft>ClearProperty(submenu, Home)</onleft>
                    <onright>ClearProperty(submenu, Home)</onright>
                    <onright condition="Skin.String(HomeLayout,netflix2)">ClearProperty(ShowViewSubMenu, Home)</onright>
                    <onback condition="Skin.String(HomeLayout,netflix2)">ClearProperty(ShowViewSubMenu, Home)</onback>
                    <onright condition="Skin.String(HomeLayout,netflix2)">9000</onright>
                    <onback condition="Skin.String(HomeLayout,netflix2)">9000</onback>
					<onright>77777</onright>
					<onback>300</onback>
					<pagecontrol>-</pagecontrol>
					<scrolltime tween="quadratic" easing="out">300</scrolltime>
					<focusposition>1</focusposition>
					<movement>2</movement>
					<orientation>vertical</orientation>
					<itemlayout height="72" width="384">
                        <control type="image">
                            <texture>colors/color_white.png</texture>
                            <colordiffuse>$INFO[Skin.String(MainMenuPanelColor)]</colordiffuse>
                        </control>
                        <control type="label">
                            <width>94%</width>
                            <height>100%</height>
                            <left>3%</left>
                            <font>Light26</font>
                            <textcolor>$INFO[Skin.String(MainMenuTextColor)]</textcolor>
                            <selectedcolor>$INFO[Skin.String(MainMenuTextColor)]</selectedcolor>
                            <align>left</align>
                            <aligny>center</aligny>
                            <label>[UPPERCASE]$INFO[ListItem.Label][/UPPERCASE]</label>
                        </control>
                    </itemlayout>
                    <focusedlayout height="72" width="384">
                        <control type="image">
                            <!-- focus sub menu -->
                            <texture>colors/color_white.png</texture>
                            <colordiffuse>$INFO[Skin.String(HomeViewDetailsFocusColor)]</colordiffuse>
                            <visible>Control.HasFocus(4444)</visible>
                        </control>
                        <control type="image">
                            <texture>colors/color_white.png</texture>
                            <colordiffuse>$INFO[Skin.String(MainMenuPanelColor)]</colordiffuse>
                            <visible>!Control.HasFocus(4444)</visible>
                        </control>
                        <control type="label">
                            <width>94%</width>
                            <height>100%</height>
                            <left>3%</left>
                            <font>Light26</font>
                            <textcolor>$INFO[Skin.String(MainMenuFocusTextColor)]</textcolor>
                            <align>left</align>
                            <aligny>center</aligny>
                            <scroll>true</scroll>
                            <label>[UPPERCASE]$INFO[ListItem.Label][/UPPERCASE]</label>
                            <visible>Control.HasFocus(4444)</visible>
                        </control>
                        <control type="label">
                            <width>94%</width>
                            <height>100%</height>
                            <left>3%</left>
                            <font>Light26</font>
                            <textcolor>$INFO[Skin.String(MainMenuTextColor)]</textcolor>
                            <align>left</align>
                            <aligny>center</aligny>
                            <scroll>true</scroll>
                            <label>[UPPERCASE]$INFO[ListItem.Label][/UPPERCASE]</label>
                            <visible>!Control.HasFocus(4444)</visible>
                        </control>
                        <control type="button">
                            <label>-</label>
                            <visible>false</visible>
                            <onfocus>SetProperty(submenu,show,home)</onfocus>
                        </control>
                    </focusedlayout>
                    <content>
                        <include condition="!Skin.HasSetting(DisableAllSubmenus)">skinshortcuts-submenu</include>
                    </content>
				</control>
			</control>
			<!-- MainMenu -->
			<control type="image">
                <!-- Panel -->
                <top>0</top>
                <width>434</width>
                <height>100%</height>
                <texture>colors/color_white.png</texture>
                <colordiffuse>$INFO[Skin.String(MainMenuPanelColor)]</colordiffuse>
            </control>
			<control type="image">
                <!-- Home Focus panel -->
                <left>0</left>
                <top>0</top>
                <width>434</width>
                <height>120</height>
                <animation effect="fade" start="100" end="60" time="150" condition="!Control.HasFocus(300)">Conditional</animation>
                <texture>colors/color_white.png</texture>
                <colordiffuse>$INFO[Skin.String(HomeViewDetailsFocusColor)]</colordiffuse>
                <animation effect="slide" end="0,120" time="150" tween="cubic" easing="inout" condition="Container(300).Position(9)">Conditional</animation>
                <animation effect="slide" end="0,120" time="150" tween="cubic" easing="inout" condition="Container(300).Position(9) | Container(300).Position(8)">Conditional</animation>
                <animation effect="slide" end="0,120" time="150" tween="cubic" easing="inout" condition="Container(300).Position(9) | Container(300).Position(8) | Container(300).Position(7)">Conditional</animation>
                <animation effect="slide" end="0,120" time="150" tween="cubic" easing="inout" condition="Container(300).Position(9) | Container(300).Position(8) | Container(300).Position(7) | Container(300).Position(6)">Conditional</animation>
                <animation effect="slide" end="0,120" time="150" tween="cubic" easing="inout" condition="Container(300).Position(9) | Container(300).Position(8) | Container(300).Position(7) | Container(300).Position(6) | Container(300).Position(5)">Conditional</animation>
                <animation effect="slide" end="0,120" time="150" tween="cubic" easing="inout" condition="Container(300).Position(9) | Container(300).Position(8) | Container(300).Position(7) | Container(300).Position(6) | Container(300).Position(5) | Container(300).Position(4)">Conditional</animation>
                <animation effect="slide" end="0,120" time="150" tween="cubic" easing="inout" condition="Container(300).Position(9) | Container(300).Position(8) | Container(300).Position(7) | Container(300).Position(6) | Container(300).Position(5) | Container(300).Position(4) | Container(300).Position(3)">Conditional</animation>
                <animation effect="slide" end="0,120" time="150" tween="cubic" easing="inout" condition="Container(300).Position(9) | Container(300).Position(8) | Container(300).Position(7) | Container(300).Position(6) | Container(300).Position(5) | Container(300).Position(4) | Container(300).Position(3) | Container(300).Position(2)">Conditional</animation>
                <animation effect="slide" end="0,120" time="150" tween="cubic" easing="inout" condition="Container(300).Position(9) | Container(300).Position(8) | Container(300).Position(7) | Container(300).Position(6) | Container(300).Position(5) | Container(300).Position(4) | Container(300).Position(3) | Container(300).Position(2) | Container(300).Position(1)">Conditional</animation>
            </control>
            <control type="list" id="300">
                <animation effect="fade" start="100" end="50" time="150" condition="!Control.HasFocus(300)">conditional</animation>
                <left>0</left>
                <top>0</top>
                <width>434</width>
                <height>100%</height>
                <onleft condition="!Skin.HasSetting(DisablePowerMenu)">ActivateWindow(ShutdownMenu)</onleft>
                <ondown>300</ondown>
                <onup>300</onup>
                <onback condition="Skin.String(HomeLayout,netflix2)">9000</onback>
                <onback condition="Skin.String(HomeLayout,netflix2)">ClearProperty(ShowViewSubMenu, Home)</onback>
                <onright condition="Control.IsVisible(4446)">Control.SetFocus(4446,0)</onright>
                <onright condition="!Control.IsVisible(4446) + IntegerGreaterThan(Container(4445).NumItems,0) + !Skin.HasSetting(OpenSubMenuOnClick)">Control.SetFocus(4444,0)</onright>
                <onright condition="!Skin.String(HomeLayout,netflix2) + !Control.IsVisible(4446) + [Skin.HasSetting(OpenSubMenuOnClick) | !IntegerGreaterThan(Container(4445).NumItems,0)]">$VAR[focusWidget]</onright>
                <onright condition="Skin.String(HomeLayout,netflix2) + !Control.IsVisible(4446) + [Skin.HasSetting(OpenSubMenuOnClick) | !IntegerGreaterThan(Container(4445).NumItems,0)]">9000</onright>
                <onright condition="Skin.String(HomeLayout,netflix2) + !Control.IsVisible(4446) + [Skin.HasSetting(OpenSubMenuOnClick) | !IntegerGreaterThan(Container(4445).NumItems,0)]">ClearProperty(ShowViewSubMenu, Home)</onright>
                <pagecontrol>-</pagecontrol>
                <scrolltime tween="quadratic" easing="out">150</scrolltime>
                <orientation>Vertical</orientation>
                <itemlayout height="120" width="434">
                    <control type="label">
                        <width>94%</width>
                        <height>100%</height>
                        <left>5%</left>
                        <font>Light44</font>
                        <textcolor>$INFO[Skin.String(MainMenuTextColor)]</textcolor>
                        <align>left</align>
                        <aligny>center</aligny>
                        <label>[UPPERCASE]$INFO[ListItem.Label][/UPPERCASE]</label>
                    </control>
                </itemlayout>
                <focusedlayout height="120" width="434">
                    <control type="label">
                        <width>94%</width>
                        <height>100%</height>
                        <left>5%</left>
                        <font>Light44</font>
                        <textcolor>$INFO[Skin.String(MainMenuFocusTextColor)]</textcolor>
                        <selectedcolor>$INFO[Skin.String(MainMenuFocusTextColor)]</selectedcolor>
                        <align>left</align>
                        <aligny>center</aligny>
                        <scroll>true</scroll>
                        <label>[UPPERCASE]$INFO[ListItem.Label][/UPPERCASE]</label>
                    </control>
                    <include>HiddenHomeMenuButton</include>
                </focusedlayout>
                <content><include>skinshortcuts-mainmenu</include></content>
            </control>
		</control>
    </include>

    <!--  includes for widgets -->

    <include name="VerticalHomeAdvancedWidgetHeader">
        <control type="group" id="$PARAM[id]">
            <right>55</right>
            
            <include name="width" content="width" condition="Skin.HasSetting(VerticalHomeLargeWidget)">
                <param name="width" value="1435" />
            </include>
            
            <width>1290</width>
            <height>45</height>
            <include>widgets_animation</include>
            
            <visible>!IsEmpty(Container(300).Listitem.Property(widget$PARAM[widgetidprefix]))</visible>
            <visible>SubString(Container(300).Listitem.Property(multiwidget),multi)</visible>
            <control type="image">
                <texture border="5">diffuse/panel.png</texture>
                <colordiffuse>$INFO[Skin.String(ViewDetailsPanelColor)]</colordiffuse>
                <visible>!Skin.HasSetting(HideWidgetPanelBackground) + ![Skin.HasSetting(LargeWidgetDetailsPanel) + Control.IsVisible(77551)]</visible>
            </control>
            <control type="label">
                <height>100%</height>
                <right>0</right>
                <textoffsetx>10</textoffsetx>
                <width>100%</width>
                <font>Reg32</font>
                <include condition="!Skin.HasSetting(AutoWidgetAlignDisabled)">align_right</include>
                <aligny>center</aligny>
                <textcolor>$VAR[VerticalHomeWidgetHeaderTextColor]</textcolor>
                <shadowcolor>$VAR[VerticalHomeWidgetHeaderTextShadowColor]</shadowcolor>
                <label>$INFO[Container(300).ListItem.Property(widgetName$PARAM[widgetidprefix])]</label>
                <visible>IsEmpty(Container($PARAM[containerid]).ListItem.Property(similartitle))</visible>
                <visible>!Skin.String(HomeLayout, verticalbig)</visible>
            </control>
            <control type="label">
                <height>100%</height>
                <right>0</right>
                <textoffsetx>10</textoffsetx>
                <width>100%</width>
                <font>Reg32</font>
                <include condition="!Skin.HasSetting(AutoWidgetAlignDisabled)">align_right</include>
                <aligny>center</aligny>
                <textcolor>$VAR[VerticalHomeWidgetHeaderTextColor]</textcolor>
                <shadowcolor>$VAR[VerticalHomeWidgetHeaderTextShadowColor]</shadowcolor>
                <label>$LOCALIZE[31545] $INFO[Container($PARAM[containerid]).ListItem.Property(similartitle)]</label>
                <visible>!IsEmpty(Container($PARAM[containerid]).ListItem.Property(similartitle))</visible>
                <visible>!Skin.String(HomeLayout, verticalbig)</visible>
            </control>
            <control type="label">
                <height>100%</height>
                <right>0</right>
                <textoffsetx>10</textoffsetx>
                <width>100%</width>
                <font>Light32</font>
                <include condition="!Skin.HasSetting(AutoWidgetAlignDisabled)">align_right</include>
                <aligny>center</aligny>
                <textcolor>$VAR[VerticalHomeWidgetHeaderTextColor]</textcolor>
                <shadowcolor>$VAR[VerticalHomeWidgetHeaderTextShadowColor]</shadowcolor>
                <label>[UPPERCASE]$INFO[Container(300).ListItem.Property(widgetName$PARAM[widgetidprefix])][/UPPERCASE]</label>
                <visible>IsEmpty(Container($PARAM[containerid]).ListItem.Property(similartitle))</visible>
                <visible>Skin.String(HomeLayout, verticalbig)</visible>
            </control>
            <control type="label">
                <height>100%</height>
                <right>0</right>
                <textoffsetx>10</textoffsetx>
                <width>100%</width>
                <font>Light32</font>
                <include condition="!Skin.HasSetting(AutoWidgetAlignDisabled)">align_right</include>
                <aligny>center</aligny>
                <textcolor>$VAR[VerticalHomeWidgetHeaderTextColor]</textcolor>
                <shadowcolor>$VAR[VerticalHomeWidgetHeaderTextShadowColor]</shadowcolor>
                <label>[UPPERCASE]$LOCALIZE[31545] $INFO[Container($PARAM[containerid]).ListItem.Property(similartitle)][/UPPERCASE]</label>
                <visible>!IsEmpty(Container($PARAM[containerid]).ListItem.Property(similartitle))</visible>
                <visible>Skin.String(HomeLayout, verticalbig)</visible>
            </control>
            
        </control>
    </include>
    
    <variable name="VerticalHomeWidgetHeaderTextColor">
        <value condition="Control.HasFocus(513)">$INFO[Skin.String(ButtonFocusTextColor)]</value>
        <value condition="Skin.HasSetting(HideWidgetPanelBackground)">$INFO[Skin.String(HeaderTextColor)]</value>
        <value>$INFO[Skin.String(ViewDetailsTextColor)]</value>
    </variable>
    <variable name="VerticalHomeWidgetHeaderTextShadowColor">
        <value condition="Control.HasFocus(513)">-</value>
        <value condition="Skin.HasSetting(HideWidgetPanelBackground)">$INFO[Skin.String(HeaderTextShadowColor)]</value>
        <value>$INFO[Skin.String(ViewDetailsTextShadowColor)]</value>
    </variable>
    
    <variable name="VerticalHomeWidgetHeaderBgColor">
        <value condition="Skin.HasSetting(HideWidgetPanelBackground)">00ffffff</value>
        <value>$INFO[Skin.String(ViewDetailsPanelColor)]</value>
    </variable>
    
    <variable name="VerticalHomeWidgetHeaderLabel">
        <value condition="Skin.String(HomeLayout, verticalbig)">[UPPERCASE]$VAR[changeWidgetLabel][/UPPERCASE]</value>
        <value>$VAR[changeWidgetLabel]</value>
    </variable>
    
    <include name="VerticalHomeSimpleWidgetHeaderLayout">
        <right>55</right>
        <include name="width" content="width" condition="Skin.HasSetting(VerticalHomeLargeWidget)">
            <param name="width" value="1435" />
        </include>
        <width>1290</width>
        <height>45</height>
        <align>right</align>
        <label>$VAR[VerticalHomeWidgetHeaderLabel]</label>
        <onclick>$VAR[toggleNextWidget]</onclick>
        <font>Reg32</font>
        <textureradiofocus colordiffuse="$INFO[Skin.String(ButtonFocusTextColor)]" flipy="true">home/home_arrow_up.png</textureradiofocus>
        <textureradionofocus colordiffuse="$VAR[VerticalHomeWidgetHeaderTextColor]" flipy="true">home/home_arrow_up.png</textureradionofocus>
        <texturenofocus colordiffuse="$VAR[VerticalHomeWidgetHeaderBgColor]" border="5">diffuse/panel.png</texturenofocus>
        <radiowidth>30</radiowidth>
        <radioheight>30</radioheight>
    </include>
    <include name="VerticalHomeSimpleWidgetHeaderLayoutAlt">
        <right>55</right>
        <include name="width" content="width" condition="Skin.HasSetting(VerticalHomeLargeWidget)">
            <param name="width" value="1435" />
        </include>
        <width>1290</width>
        <height>45</height>
        <align>left</align>
        <label>$VAR[VerticalHomeWidgetHeaderLabel]</label>
        <onclick>$VAR[toggleNextWidget]</onclick>
        <font>Reg32</font>
        <textureradiofocus colordiffuse="$INFO[Skin.String(ButtonFocusTextColor)]" flipy="true">home/home_arrow_up.png</textureradiofocus>
        <textureradionofocus colordiffuse="$VAR[VerticalHomeWidgetHeaderTextColor]" flipy="true">home/home_arrow_up.png</textureradionofocus>
        <texturenofocus colordiffuse="$VAR[VerticalHomeWidgetHeaderBgColor]" border="5">diffuse/panel.png</texturenofocus>
        <radiowidth>30</radiowidth>
        <radioheight>30</radioheight>
        <radioposx>10</radioposx>
    </include>
    
    <include name="VerticalHomeSquareSubMenuLayout">
        <include name="width" content="width" condition="Skin.HasSetting(VerticalHomeLargeWidget)">
            <param name="width" value="1443" />
        </include>
        <width>1296</width>
        <right>50</right>
        <posy>0</posy>
        <height>100</height>
        <orientation>horizontal</orientation>
        <animation effect="slide" start="0" end="108" time="0" condition="!Skin.HasSetting(AutoWidgetAlignDisabled) + !IntegerGreaterThan(Container(4445).NumItems,11) + !Skin.HasSetting(VerticalHomeLargeWidget)">Conditional</animation>
        <animation effect="slide" start="0" end="108" time="0" condition="!Skin.HasSetting(AutoWidgetAlignDisabled) + !IntegerGreaterThan(Container(4445).NumItems,10) + !Skin.HasSetting(VerticalHomeLargeWidget)">Conditional</animation>
        <animation effect="slide" start="0" end="108" time="0" condition="!Skin.HasSetting(AutoWidgetAlignDisabled) + !IntegerGreaterThan(Container(4445).NumItems,9) + !Skin.HasSetting(VerticalHomeLargeWidget)">Conditional</animation>
        <animation effect="slide" start="0" end="108" time="0" condition="!Skin.HasSetting(AutoWidgetAlignDisabled) + !IntegerGreaterThan(Container(4445).NumItems,8) + !Skin.HasSetting(VerticalHomeLargeWidget)">Conditional</animation>
        <animation effect="slide" start="0" end="108" time="0" condition="!Skin.HasSetting(AutoWidgetAlignDisabled) + !IntegerGreaterThan(Container(4445).NumItems,7) + !Skin.HasSetting(VerticalHomeLargeWidget)">Conditional</animation>
        <animation effect="slide" start="0" end="108" time="0" condition="!Skin.HasSetting(AutoWidgetAlignDisabled) + !IntegerGreaterThan(Container(4445).NumItems,6) + !Skin.HasSetting(VerticalHomeLargeWidget)">Conditional</animation>
        <animation effect="slide" start="0" end="108" time="0" condition="!Skin.HasSetting(AutoWidgetAlignDisabled) + !IntegerGreaterThan(Container(4445).NumItems,5) + !Skin.HasSetting(VerticalHomeLargeWidget)">Conditional</animation>
        <animation effect="slide" start="0" end="108" time="0" condition="!Skin.HasSetting(AutoWidgetAlignDisabled) + !IntegerGreaterThan(Container(4445).NumItems,4) + !Skin.HasSetting(VerticalHomeLargeWidget)">Conditional</animation>
        <animation effect="slide" start="0" end="108" time="0" condition="!Skin.HasSetting(AutoWidgetAlignDisabled) + !IntegerGreaterThan(Container(4445).NumItems,3) + !Skin.HasSetting(VerticalHomeLargeWidget)">Conditional</animation>
        <animation effect="slide" start="0" end="108" time="0" condition="!Skin.HasSetting(AutoWidgetAlignDisabled) + !IntegerGreaterThan(Container(4445).NumItems,2) + !Skin.HasSetting(VerticalHomeLargeWidget)">Conditional</animation>
        <animation effect="slide" start="0" end="108" time="0" condition="!Skin.HasSetting(AutoWidgetAlignDisabled) + !IntegerGreaterThan(Container(4445).NumItems,1) + !Skin.HasSetting(VerticalHomeLargeWidget)">Conditional</animation>
        
        <animation effect="slide" start="0" end="5" time="0" condition="!Skin.HasSetting(AutoWidgetAlignDisabled) + Skin.HasSetting(VerticalHomeLargeWidget)">Conditional</animation>
        <animation effect="slide" start="0" end="111" time="0" condition="!Skin.HasSetting(AutoWidgetAlignDisabled) + !IntegerGreaterThan(Container(4445).NumItems,12) + Skin.HasSetting(VerticalHomeLargeWidget)">Conditional</animation>
        <animation effect="slide" start="0" end="111" time="0" condition="!Skin.HasSetting(AutoWidgetAlignDisabled) + !IntegerGreaterThan(Container(4445).NumItems,11) + Skin.HasSetting(VerticalHomeLargeWidget)">Conditional</animation>
        <animation effect="slide" start="0" end="111" time="0" condition="!Skin.HasSetting(AutoWidgetAlignDisabled) + !IntegerGreaterThan(Container(4445).NumItems,10) + Skin.HasSetting(VerticalHomeLargeWidget)">Conditional</animation>
        <animation effect="slide" start="0" end="111" time="0" condition="!Skin.HasSetting(AutoWidgetAlignDisabled) + !IntegerGreaterThan(Container(4445).NumItems,9) + Skin.HasSetting(VerticalHomeLargeWidget)">Conditional</animation>
        <animation effect="slide" start="0" end="111" time="0" condition="!Skin.HasSetting(AutoWidgetAlignDisabled) + !IntegerGreaterThan(Container(4445).NumItems,8) + Skin.HasSetting(VerticalHomeLargeWidget)">Conditional</animation>
        <animation effect="slide" start="0" end="111" time="0" condition="!Skin.HasSetting(AutoWidgetAlignDisabled) + !IntegerGreaterThan(Container(4445).NumItems,7) + Skin.HasSetting(VerticalHomeLargeWidget)">Conditional</animation>
        <animation effect="slide" start="0" end="111" time="0" condition="!Skin.HasSetting(AutoWidgetAlignDisabled) + !IntegerGreaterThan(Container(4445).NumItems,6) + Skin.HasSetting(VerticalHomeLargeWidget)">Conditional</animation>
        <animation effect="slide" start="0" end="111" time="0" condition="!Skin.HasSetting(AutoWidgetAlignDisabled) + !IntegerGreaterThan(Container(4445).NumItems,5) + Skin.HasSetting(VerticalHomeLargeWidget)">Conditional</animation>
        <animation effect="slide" start="0" end="111" time="0" condition="!Skin.HasSetting(AutoWidgetAlignDisabled) + !IntegerGreaterThan(Container(4445).NumItems,4) + Skin.HasSetting(VerticalHomeLargeWidget)">Conditional</animation>
        <animation effect="slide" start="0" end="111" time="0" condition="!Skin.HasSetting(AutoWidgetAlignDisabled) + !IntegerGreaterThan(Container(4445).NumItems,3) + Skin.HasSetting(VerticalHomeLargeWidget)">Conditional</animation>
        <animation effect="slide" start="0" end="111" time="0" condition="!Skin.HasSetting(AutoWidgetAlignDisabled) + !IntegerGreaterThan(Container(4445).NumItems,2) + Skin.HasSetting(VerticalHomeLargeWidget)">Conditional</animation>
        <animation effect="slide" start="0" end="111" time="0" condition="!Skin.HasSetting(AutoWidgetAlignDisabled) + !IntegerGreaterThan(Container(4445).NumItems,1) + Skin.HasSetting(VerticalHomeLargeWidget)">Conditional</animation>
        
        
        <itemlayout height="100" width="108" condition="!Skin.HasSetting(VerticalHomeLargeWidget)">
          <control type="group">
                <width>100</width>
                <height>100</height>
                <include>SquarePosterPanelLayout</include>
            </control>
        </itemlayout>
        <focusedlayout height="100" width="108" condition="!Skin.HasSetting(VerticalHomeLargeWidget)">
          <control type="group">
                <width>100</width>
                <height>100</height>
                <include>SquarePosterPanelLayoutFocus</include>
            </control>
        </focusedlayout>
        <itemlayout height="100" width="111" condition="Skin.HasSetting(VerticalHomeLargeWidget)">
          <control type="group">
                <width>100</width>
                <height>100</height>
                <include>SquarePosterPanelLayout</include>
            </control>
        </itemlayout>
        <focusedlayout height="100" width="111" condition="Skin.HasSetting(VerticalHomeLargeWidget)">
          <control type="group">
                <width>100</width>
                <height>100</height>
                <include>SquarePosterPanelLayoutFocus</include>
            </control>
        </focusedlayout>
        <content>
            <include condition="!Skin.HasSetting(DisableAllSubmenus)">skinshortcuts-submenu</include>
        </content> 
    </include>
    
    
 </includes>