<?xml version="1.0" encoding="UTF-8"?>
<addon id="skin.titan.kryptonbeta" version="3.7.40" name="Titan BETA for Kodi Krypton" provider-name="marcelveldt,mgonzales">
	<requires>
		<import version="5.12.0" addon="xbmc.gui"/>		
		<import addon="script.skinshortcuts" version="0.6.5"/>
		<import addon="script.skin.helper.service" version="1.0.0"/>
        <import addon="script.skin.helper.widgets" version="1.0.0"/>
        <import addon="script.skin.helper.backgrounds" version="1.0.0"/>
        <import addon="resource.uisounds.titan.modern" version="1.0.0"/>
        <import addon="resource.images.skinbackgrounds.titan" version="1.0.0"/>
        <import addon="resource.images.skinicons.titan" version="1.0.0"/>
        <import addon="resource.images.backgroundoverlays.titan" version="1.0.0"/>
        <import addon="resource.skinthemes.titan" version="1.0.1"/>
	</requires>
	<extension point="xbmc.gui.skin" debugging="false">		
		<res width="1920" height="1080" aspect="16:9" default="true" folder="1080i" />
		<res width="1920" height="1200" aspect="16:10" default="false" folder="1080i" />
	</extension>
	<extension point="xbmc.addon.metadata">
		<summary lang="de">MediaPortal's Titan BETA for Kodi Krypton Skin portiert für Kodi mit jeder Menge Funktionen.</summary>
		<summary lang="en">MediaPortal's Titan BETA for Kodi Krypton skin ported to Kodi enriched with lot's of features.</summary>
		<summary lang="nl">De Titan BETA for Kodi Kryptonskin van MediaPortal is geconverteerd naar Kodi en verrijkt met talloze functionaliteiten</summary>
		<platform>all</platform>
		<license>GPL v2.0</license>
		<forum>http://forum.kodi.tv/forumdisplay.php?fid=212</forum>
		<website>http://forum.kodi.tv/forumdisplay.php?fid=212</website>
		<email></email>
		<source></source>
        <assets>
            <icon>icon.png</icon>
            <fanart>fanart.jpg</fanart>
            <screenshot>_screenshots/screenshot000.jpg</screenshot>
            <screenshot>_screenshots/screenshot001.jpg</screenshot>
            <screenshot>_screenshots/screenshot002.jpg</screenshot>
            <screenshot>_screenshots/screenshot003.jpg</screenshot>
            <screenshot>_screenshots/screenshot004.jpg</screenshot>
            <screenshot>_screenshots/screenshot005.jpg</screenshot>
            <screenshot>_screenshots/screenshot006.jpg</screenshot>
            <screenshot>_screenshots/screenshot007.jpg</screenshot>
            <screenshot>_screenshots/screenshot008.jpg</screenshot>
            <screenshot>_screenshots/screenshot009.jpg</screenshot>
        </assets>
        <news>
            Follow the forum thread about the latest news for the skin.
            Also have a look at the Trello board to be informed about the skin development:
            https://trello.com/b/VPlkyvMp/titan-skin
        </news>
	</extension>
</addon>