﻿<?xml version="1.0" encoding="UTF-8" standalone="yes"?>
	<addon id="plugin.audio.squeezebox" name="Squeezebox for Kodi" version="1.0.3" provider-name="marcelveldt">
	<requires>
		<import addon="xbmc.python" version="2.13.0"/>
		<import addon="xbmc.addon" version="12.0.0"/>
        <import addon="script.module.six" version="1.9.0"/>
        <import addon="script.module.requests" version="2.3.0"/>
	</requires>
	<extension point="xbmc.python.pluginsource" library="plugin.py">
        <provides>audio</provides>
    </extension>
	<extension library="service.py" point="xbmc.service" start="login" />

	<extension point="xbmc.addon.metadata">
		<summary lang="en">Squeezelite Player for Kodi</summary>
        <description>Turn Kodi into a squeezebox player. Playback provided by squeezelite.</description>
		<language></language>
		<platform>all</platform>
		<license>Apache v2.0</license>
		<forum></forum>
		<website></website>
		<source>https://github.com/marcelveldt/plugin.audio.squeezebox</source>
	</extension>
</addon>