<?xml version="1.0" encoding="utf-8"?>
<!--Titan-->
<window>
    <defaultcontrol>-</defaultcontrol>
	<onload condition="Skin.HasSetting(DisableSubtitles) + VideoPlayer.SubtitlesEnabled">ShowSubtitles</onload>
    <onunload condition="![Player.HasVideo + VideoPlayer.Content(livetv)]">ClearProperty(pvrGuideOnFullscreenVideo,home)</onunload>
    <controls>
        
        <!-- codec info -->
        <control type="group" id="0">
			<animation effect="slide" start="0,-340" end="0,0" time="200">WindowOpen</animation>
			<animation effect="fade" time="200">WindowOpen</animation>
			<control type="image">
				<posx>0</posx>
				<posy>0</posy>
				<width>100%</width>
				<height>260</height>
				<texture border="5">diffuse/panel.png</texture>
				
				<colordiffuse>$INFO[Skin.String(GeneralPanelsColor)]</colordiffuse>
				<animation effect="slide" start="0,0" end="0,-200" time="0" condition="![Control.isVisible(11) + Control.IsVisible(12)]">Conditional</animation>
			</control>
			<control type="grouplist" id="0">
				<posx>30</posx>
				<posy>0</posy>
				<width>100%</width>
				<height>300</height>
				<aligny>top</aligny>
				<itemgap>10</itemgap>
				<control type="label" id="10">
					<description>row 1 label</description>
					<width>1770</width>
					<height>75</height>
					<align>left</align>
					<aligny>center</aligny>
					<font>Reg26</font>
					<textcolor>$INFO[Skin.String(GeneralTextColor)]</textcolor>
					<label>-</label>
				</control>
				<control type="label" id="11">
					<description>row 2 label</description>
					<width>1770</width>
					<height>75</height>
					<align>left</align>
					<aligny>center</aligny>
					<font>Reg26</font>
					<label>-</label>
					<textcolor>$INFO[Skin.String(GeneralTextColor)]</textcolor>
				</control>
				<control type="label" id="12">
					<description>row 3 label</description>
					<width>1770</width>
					<height>75</height>
					<align>left</align>
					<aligny>center</aligny>
					<font>Reg26</font>
					<label>-</label>
					<textcolor>$INFO[Skin.String(GeneralTextColor)]</textcolor>
				</control>
			</control>
		</control>
		<control type="group" id="1">
			<posx>560</posx>
			<posy>33</posy>
			<visible allowhiddenfocus="true">Control.IsVisible(503) + VideoPlayer.Content(LiveTV)</visible>
			<include>animation_fade_visible_hidden</include>
			<control type="image">
				<posx>0</posx>
				<posy>30</posy>
				<width>100%</width>
				<height>260</height>
				<texture border="5">diffuse/panel.png</texture>
				
				<colordiffuse>$INFO[Skin.String(GeneralPanelsColor)]</colordiffuse>
				<animation effect="slide" start="0,0" end="0,-200" time="0" condition="![Control.isVisible(11) + Control.IsVisible(12)]">Conditional</animation>
			</control>
			<control type="fadelabel" id="1">
				<posx>140</posx>
				<posy>34</posy>
				<width>606</width>
				<height>50</height>
				<font>Reg26</font>
				<textoffsetx>15</textoffsetx>
				<textcolor>themecolor</textcolor>
				<align>center</align>
				<aligny>center</aligny>
				<scrollout>false</scrollout>
				<pauseatend>2000</pauseatend>
				<label>$LOCALIZE[31501]</label>
			</control>
		</control>
        <control type="group">
            <visible>Player.ShowCodec + VideoPlayer.Content(LiveTV) + system.getbool(pvrplayback.signalquality)</visible>
            <posy>750</posy>
			<animation effect="fade" time="200">WindowOpen</animation>
			<control type="image">
				<posx>0</posx>
				<posy>30</posy>
				<width>100%</width>
				<height>320</height>
				<texture border="5">diffuse/panel.png</texture>
				
				<colordiffuse>$INFO[Skin.String(GeneralPanelsColor)]</colordiffuse>
				<animation effect="slide" start="0,0" end="0,-200" time="0" condition="![Control.isVisible(11) + Control.IsVisible(12)]">Conditional</animation>
			</control>
            <control type="label">
                <description>Header</description>
                <posx>30</posx>
                <posy>8</posy>
                <width>1800</width>
                <height>38</height>
                <label>$LOCALIZE[19005]</label>
                <align>left</align>
                <aligny>center</aligny>
                <font>font13_title</font>
                <textcolor>labelheader</textcolor>
            </control>
            <control type="label">
                <description>Backend</description>
                <posx>30</posx>
                <posy>60</posy>
                <width>248</width>
                <height>38</height>
                <label>$LOCALIZE[19012]:</label>
                <align>left</align>
                <aligny>center</aligny>
                <font>Reg26</font>
                <textcolor>$INFO[Skin.String(GeneralTextColor)]</textcolor>
            </control>
            <control type="label">
                <description>Backend value</description>
                <posx>330</posx>
                <posy>60</posy>
                <width>1500</width>
                <height>38</height>
                <label>$INFO[PVR.ActStreamClient]</label>
                <align>left</align>
                <aligny>center</aligny>
                <font>Reg26</font>
                <textcolor>$INFO[Skin.String(GeneralTextColor)]</textcolor>
            </control>
            <control type="label">
                <description>Device</description>
                <posx>30</posx>
                <posy>98</posy>
                <width>248</width>
                <height>38</height>
                <label>$LOCALIZE[19006]:</label>
                <align>left</align>
                <aligny>center</aligny>
                <font>Reg26</font>
                <textcolor>$INFO[Skin.String(GeneralTextColor)]</textcolor>
            </control>
            <control type="label">
                <description>Device value</description>
                <posx>330</posx>
                <posy>98</posy>
                <width>1500</width>
                <height>38</height>
                <label>$INFO[PVR.ActStreamDevice]</label>
                <align>left</align>
                <aligny>center</aligny>
                <font>Reg26</font>
                <textcolor>$INFO[Skin.String(GeneralTextColor)]</textcolor>
            </control>
            <control type="label">
                <description>Status</description>
                <posx>30</posx>
                <posy>135</posy>
                <width>248</width>
                <height>38</height>
                <label>$LOCALIZE[19007]:</label>
                <align>left</align>
                <aligny>center</aligny>
                <font>Reg26</font>
                <textcolor>$INFO[Skin.String(GeneralTextColor)]</textcolor>
            </control>
            <control type="label">
                <description>Status value</description>
                <posx>330</posx>
                <posy>135</posy>
                <width>1500</width>
                <height>38</height>
                <label>$INFO[PVR.ActStreamStatus]</label>
                <align>left</align>
                <aligny>center</aligny>
                <font>Reg26</font>
                <textcolor>$INFO[Skin.String(GeneralTextColor)]</textcolor>
            </control>
            <control type="label">
                <description>Signal</description>
                <posx>30</posx>
                <posy>172</posy>
                <width>248</width>
                <height>38</height>
                <label>$LOCALIZE[19008]:</label>
                <align>left</align>
                <aligny>center</aligny>
                <font>Reg26</font>
                <textcolor>$INFO[Skin.String(GeneralTextColor)]</textcolor>
            </control>
            <control type="progress">
                <description>Progressbar</description>
                <posx>330</posx>
                <posy>183</posy>
                <width>1365</width>
                <height>21</height>
                <info>PVR.ActStreamProgrSignal</info>
            </control>
            <control type="label">
                <description>Signal value</description>
                <posx>1800</posx>
                <posy>172</posy>
                <width>270</width>
                <height>38</height>
                <label>$INFO[PVR.ActStreamSignal]</label>
                <align>left</align>
                <aligny>center</aligny>
                <font>Reg26</font>
                <textcolor>$INFO[Skin.String(GeneralTextColor)]</textcolor>
            </control>
            <control type="label">
                <description>SNR</description>
                <posx>30</posx>
                <posy>210</posy>
                <width>248</width>
                <height>38</height>
                <label>$LOCALIZE[19009]:</label>
                <align>left</align>
                <aligny>center</aligny>
                <font>Reg26</font>
                <textcolor>$INFO[Skin.String(GeneralTextColor)]</textcolor>
            </control>
            <control type="progress">
                <description>Progressbar</description>
                <posx>330</posx>
                <posy>220</posy>
                <width>1365</width>
                <height>21</height>
                <overlaytexture>-</overlaytexture>
                <info>PVR.ActStreamProgrSNR</info>
            </control>
            <control type="label">
                <description>SNR value</description>
                <posx>1800</posx>
                <posy>210</posy>
                <width>270</width>
                <height>38</height>
                <label>$INFO[PVR.ActStreamSNR]</label>
                <align>left</align>
                <aligny>center</aligny>
                <font>Reg26</font>
                <textcolor>$INFO[Skin.String(GeneralTextColor)]</textcolor>
            </control>
            <control type="label">
                <description>BER</description>
                <posx>30</posx>
                <posy>248</posy>
                <width>248</width>
                <height>38</height>
                <label>$LOCALIZE[19010]:</label>
                <align>left</align>
                <aligny>center</aligny>
                <font>Reg26</font>
                <textcolor>$INFO[Skin.String(GeneralTextColor)]</textcolor>
            </control>
            <control type="label">
                <description>BER value</description>
                <posx>330</posx>
                <posy>248</posy>
                <width>1500</width>
                <height>38</height>
                <label>$INFO[PVR.ActStreamBER]</label>
                <align>left</align>
                <aligny>center</aligny>
                <font>Reg26</font>
                <textcolor>$INFO[Skin.String(GeneralTextColor)]</textcolor>
            </control>
            <control type="label">
                <description>UNC</description>
                <posx>645</posx>
                <posy>248</posy>
                <width>248</width>
                <height>38</height>
                <label>$LOCALIZE[19011]:</label>
                <align>left</align>
                <aligny>center</aligny>
                <font>Reg26</font>
                <textcolor>$INFO[Skin.String(GeneralTextColor)]</textcolor>
            </control>
            <control type="label">
                <description>UNC value</description>
                <posx>900</posx>
                <posy>248</posy>
                <width>1500</width>
                <height>38</height>
                <label>$INFO[PVR.ActStreamUNC]</label>
                <align>left</align>
                <aligny>center</aligny>
                <font>Reg26</font>
                <textcolor>$INFO[Skin.String(GeneralTextColor)]</textcolor>
            </control>
            <control type="label">
                <description>Encryption</description>
                <posx>30</posx>
                <posy>285</posy>
                <width>248</width>
                <height>38</height>
                <label>$LOCALIZE[19015]:</label>
                <align>left</align>
                <aligny>center</aligny>
                <font>Reg26</font>
                <textcolor>$INFO[Skin.String(GeneralTextColor)]</textcolor>
            </control>
            <control type="label">
                <description>Encryption value</description>
                <posx>330</posx>
                <posy>285</posy>
                <width>1500</width>
                <height>38</height>
                <label>$INFO[PVR.ActStreamEncryptionName]</label>
                <align>left</align>
                <aligny>center</aligny>
                <font>Reg26</font>
                <textcolor>$INFO[Skin.String(GeneralTextColor)]</textcolor>
            </control>
        </control>
	<!-- Buffering Progress Overlay -->
		<control type="group" id="2">
			<visible>Player.Caching + Skin.HasSetting(EnableBufferingProgressOSD) + !Skin.HasTheme(classic)</visible>
			<animation delay="300" effect="fade" time="200">Visible</animation>
			<animation effect="fade" delay="200" time="150">Hidden</animation>
			<control type="image" id="22">
				<right>50</right>
				<top>710</top>
				<width>150</width>
				<height>150</height>
				<animation effect="fade" end="35" time="0" condition="true">Conditional</animation>
				<colordiffuse>$INFO[Skin.String(OSDPanelColor)]</colordiffuse>
				<texture>dialogs/buffer-progress/bottom-panel.png</texture>
			</control>
			<control type="image" id="23">
				<right>50</right>
				<top>710</top>
				<width>150</width>
				<height>150</height>
				<animation effect="fade" end="25" time="0" condition="true">Conditional</animation>
				<texture>dialogs/buffer-progress/p100.png</texture>
			</control>
 			<control type="image" id="24">
				<right>50</right>
				<top>710</top>
				<width>150</width>
				<height>150</height>
				<colordiffuse>$INFO[Skin.String(OSDButtonsFocusColor)]</colordiffuse>
				<texture>dialogs/buffer-progress/p$INFO[Player.CacheLevel].png</texture>
			</control>
			<control type="label" id="25">
				<description>buffering value</description>
				<label>$INFO[Player.CacheLevel]%</label>
				<right>50</right>
				<top>710</top>
				<width>150</width>
				<height>150</height>
				<aligny>center</aligny>
				<align>center</align>
				<font>Bold30</font>
				<textcolor>$INFO[Skin.String(OSDSecondaryTextColor)]</textcolor>
				<shadowcolor>$INFO[Skin.String(OSDSecondaryTextShadowColor)]</shadowcolor>
			</control>
			<control type="label" id="26">
				<description>buffering label</description>
				<label>$LOCALIZE[15107]</label>
				<right>48</right>
				<top>875</top>
				<width>150</width>
				<height>20</height>
				<aligny>center</aligny>
				<align>center</align>
				<font>Bold24</font>
				<textcolor>white</textcolor>
				<shadowcolor>black</shadowcolor>
			</control>
		</control>
    </controls>
</window>